/*
SQLyog Ultimate v12.3.1 (64 bit)
MySQL - 5.7.18-cynos-log : Database - shop-admin
*********************************************************************
*/

/*!40101 SET NAMES utf8 */;

/*!40101 SET SQL_MODE=''*/;

/*!40014 SET @OLD_UNIQUE_CHECKS=@@UNIQUE_CHECKS, UNIQUE_CHECKS=0 */;
/*!40014 SET @OLD_FOREIGN_KEY_CHECKS=@@FOREIGN_KEY_CHECKS, FOREIGN_KEY_CHECKS=0 */;
/*!40101 SET @OLD_SQL_MODE=@@SQL_MODE, SQL_MODE='NO_AUTO_VALUE_ON_ZERO' */;
/*!40111 SET @OLD_SQL_NOTES=@@SQL_NOTES, SQL_NOTES=0 */;
CREATE DATABASE /*!32312 IF NOT EXISTS*/`shop-admin` /*!40100 DEFAULT CHARACTER SET utf8 */;

USE `shop-admin`;

/*Table structure for table `sys_log` */

DROP TABLE IF EXISTS `sys_log`;

CREATE TABLE `sys_log` (
  `id` int(11) NOT NULL AUTO_INCREMENT,
  `mobile` varchar(255) COLLATE utf8_bin NOT NULL COMMENT '账号',
  `ip` varchar(100) COLLATE utf8_bin NOT NULL COMMENT '登陆ip',
  `login_time` timestamp NOT NULL DEFAULT CURRENT_TIMESTAMP ON UPDATE CURRENT_TIMESTAMP COMMENT '登陆时间',
  `province` varchar(255) COLLATE utf8_bin DEFAULT NULL COMMENT '省',
  `city` varchar(255) COLLATE utf8_bin DEFAULT NULL COMMENT '城市',
  `point_x` decimal(11,8) DEFAULT NULL COMMENT '经度',
  `point_y` decimal(10,8) DEFAULT NULL COMMENT '纬度',
  `os` varchar(20) COLLATE utf8_bin DEFAULT NULL COMMENT '操作系统',
  `browser` varchar(20) COLLATE utf8_bin DEFAULT NULL COMMENT '浏览器',
  PRIMARY KEY (`id`)
) ENGINE=InnoDB AUTO_INCREMENT=2495 DEFAULT CHARSET=utf8 COLLATE=utf8_bin;

/*Data for the table `sys_log` */

insert  into `sys_log`(`id`,`mobile`,`ip`,`login_time`,`province`,`city`,`point_x`,`point_y`,`os`,`browser`) values 
(818,'admin','61.135.194.168','2016-07-15 10:38:42','北京市','北京市',116.40387397,39.91488908,NULL,NULL),
(819,'admin','14.124.111.37','2016-07-15 10:43:34','广东省','广州市',113.30764968,23.12004910,NULL,NULL),
(820,'admin','114.242.249.146','2016-07-15 10:43:58','北京市','北京市',116.40387397,39.91488908,NULL,NULL),
(821,'admin','210.21.223.178','2016-07-15 10:46:07','广东省','深圳市',114.02597366,22.54605355,NULL,NULL),
(822,'admin','61.135.194.168','2016-07-15 10:49:33','北京市','北京市',116.40387397,39.91488908,NULL,NULL),
(823,'admin','116.213.171.110','2016-07-15 10:52:51','北京市','北京市',116.40387397,39.91488908,NULL,NULL),
(824,'admin','61.135.194.168','2016-07-15 10:54:51','北京市','北京市',116.40387397,39.91488908,NULL,NULL),
(825,'admin','61.135.194.168','2016-07-15 10:57:49','北京市','北京市',116.40387397,39.91488908,NULL,NULL),
(826,'admin','14.124.111.37','2016-07-15 10:58:36','广东省','广州市',113.30764968,23.12004910,NULL,NULL),
(827,'admin','14.124.111.37','2016-07-15 11:00:01','广东省','广州市',113.30764968,23.12004910,NULL,NULL),
(828,'admin','14.124.111.37','2016-07-15 11:00:10','广东省','广州市',113.30764968,23.12004910,NULL,NULL),
(829,'admin','114.247.25.62','2016-07-15 11:00:30','北京市','北京市',116.40387397,39.91488908,NULL,NULL),
(830,'admin','180.169.33.113','2016-07-15 11:00:35','上海市','上海市',121.48789949,31.24916171,NULL,NULL),
(831,'admin','61.135.194.168','2016-07-15 11:13:36','北京市','北京市',116.40387397,39.91488908,NULL,NULL),
(832,'admin','61.135.194.168','2016-07-15 13:04:42','北京市','北京市',116.40387397,39.91488908,NULL,NULL),
(833,'admin','222.161.54.74','2016-07-15 13:06:13','河南省','郑州市',113.64964385,34.75661006,NULL,NULL),
(834,'admin','111.192.245.45','2016-07-15 13:10:14','北京市','北京市',116.40387397,39.91488908,NULL,NULL),
(835,'admin','61.135.194.168','2016-07-15 13:18:00','北京市','北京市',116.40387397,39.91488908,NULL,NULL),
(836,'admin','222.35.39.206','2016-07-15 13:22:07','北京市','北京市',116.40387397,39.91488908,NULL,NULL),
(837,'admin','101.81.123.78','2016-07-15 13:22:47','上海市','上海市',121.48789949,31.24916171,NULL,NULL),
(838,'admin','116.236.210.154','2016-07-15 13:23:49','上海市','上海市',121.48789949,31.24916171,NULL,NULL),
(839,'admin','103.38.232.99','2016-07-15 13:27:55','上海市','上海市',121.48789949,31.24916171,NULL,NULL),
(840,'admin','180.169.33.113','2016-07-15 13:32:07','上海市','上海市',121.48789949,31.24916171,NULL,NULL),
(841,'admin','101.95.128.138','2016-07-15 13:40:10','上海市','上海市',121.48789949,31.24916171,NULL,NULL),
(842,'admin','36.110.25.198','2016-07-15 14:09:14','北京市','北京市',116.40387397,39.91488908,NULL,NULL),
(843,'admin','222.66.154.84','2016-07-15 14:13:47','上海市','上海市',121.48789949,31.24916171,NULL,NULL),
(844,'admin','61.135.194.168','2016-07-15 15:45:23','北京市','北京市',116.40387397,39.91488908,NULL,NULL),
(845,'admin','202.106.132.61','2016-07-15 15:46:32','北京市','北京市',116.40387397,39.91488908,NULL,NULL),
(846,'admin','116.236.210.154','2016-07-15 15:49:26','上海市','上海市',121.48789949,31.24916171,NULL,NULL),
(847,'admin','123.139.89.106','2016-07-15 15:52:57','陕西省','西安市',108.95309828,34.27779990,NULL,NULL),
(848,'admin','123.139.89.106','2016-07-15 16:54:39','陕西省','西安市',108.95309828,34.27779990,NULL,NULL),
(849,'admin','140.243.171.243','2016-07-15 20:29:52','福建省','厦门市',118.10388605,24.48923061,NULL,NULL),
(850,'admin','140.243.171.243','2016-07-15 20:30:49','福建省','厦门市',118.10388605,24.48923061,NULL,NULL),
(851,'admin','60.247.55.173','2016-07-15 22:37:56','北京市','北京市',116.40387397,39.91488908,NULL,NULL),
(852,'admin','110.184.29.83','2016-07-16 11:05:21','四川省','成都市',104.06792346,30.67994285,NULL,NULL),
(853,'admin','182.148.32.214','2016-07-17 09:23:58','四川省','成都市',104.06792346,30.67994285,NULL,NULL),
(854,'admin','103.38.232.99','2016-07-18 10:29:53','上海市','上海市',121.48789949,31.24916171,NULL,NULL),
(855,'super','61.135.194.168','2016-07-18 11:08:14','北京市','北京市',116.40387397,39.91488908,NULL,NULL),
(856,'admin','103.38.232.99','2016-07-18 11:18:47','上海市','上海市',121.48789949,31.24916171,NULL,NULL),
(857,'admin','61.135.194.168','2016-07-18 11:20:30','北京市','北京市',116.40387397,39.91488908,NULL,NULL),
(858,'super','61.135.194.168','2016-07-18 11:21:15','北京市','北京市',116.40387397,39.91488908,NULL,NULL),
(859,'admin','61.135.194.168','2016-07-18 11:21:34','北京市','北京市',116.40387397,39.91488908,NULL,NULL),
(860,'super','61.135.194.168','2016-07-18 11:23:46','北京市','北京市',116.40387397,39.91488908,NULL,NULL),
(861,'admin','117.136.100.189','2016-07-18 11:25:50','安徽省','',117.21600521,31.85925242,NULL,NULL),
(862,'admin','103.38.232.99','2016-07-18 11:35:54','上海市','上海市',121.48789949,31.24916171,NULL,NULL),
(863,'admin','101.81.123.78','2016-07-18 14:27:01','上海市','上海市',121.48789949,31.24916171,NULL,NULL),
(864,'admin','103.38.232.99','2016-07-18 14:49:21','上海市','上海市',121.48789949,31.24916171,NULL,NULL),
(865,'admin','61.135.194.168','2016-07-18 15:01:26','北京市','北京市',116.40387397,39.91488908,NULL,NULL),
(866,'admin','61.135.194.168','2016-07-18 15:04:59','北京市','北京市',116.40387397,39.91488908,NULL,NULL),
(867,'admin','61.135.194.168','2016-07-18 15:07:41','北京市','北京市',116.40387397,39.91488908,NULL,NULL),
(868,'admin','60.211.222.66','2016-07-18 15:12:20','山东省','济宁市',116.60079762,35.40212166,NULL,NULL),
(869,'admin','111.196.79.79','2016-07-18 15:18:37','北京市','北京市',116.40387397,39.91488908,NULL,NULL),
(870,'admin','114.241.221.138','2016-07-18 15:20:11','北京市','北京市',116.40387397,39.91488908,NULL,NULL),
(871,'admin','111.196.79.79','2016-07-18 15:23:23','北京市','北京市',116.40387397,39.91488908,NULL,NULL),
(872,'admin','123.85.178.60','2016-07-18 15:33:31','湖北省','襄阳市',112.17632580,32.09493365,NULL,NULL),
(873,'admin','123.85.178.60','2016-07-18 15:33:41','湖北省','襄阳市',112.17632580,32.09493365,NULL,NULL),
(874,'admin','14.124.109.186','2016-07-18 15:45:40','广东省','广州市',113.30764968,23.12004910,NULL,NULL),
(875,'admin','123.139.89.106','2016-07-18 15:48:33','陕西省','西安市',108.95309828,34.27779990,NULL,NULL),
(876,'admin','123.139.89.106','2016-07-18 15:49:36','陕西省','西安市',108.95309828,34.27779990,NULL,NULL),
(877,'admin','223.240.173.21','2016-07-18 15:49:45','安徽省','合肥市',117.28269909,31.86694226,NULL,NULL),
(878,'admin','218.6.169.95','2016-07-18 16:44:43','四川省','成都市',104.06792346,30.67994285,NULL,NULL),
(879,'admin','124.205.39.138','2016-07-18 18:01:37','北京市','北京市',116.40387397,39.91488908,NULL,NULL),
(880,'admin','101.81.123.78','2016-07-18 18:01:56','上海市','上海市',121.48789949,31.24916171,NULL,NULL),
(881,'admin','14.153.211.133','2016-07-18 18:05:35','广东省','深圳市',114.02597366,22.54605355,NULL,NULL),
(882,'admin','117.89.133.205','2016-07-18 18:21:31','江苏省','南京市',118.77807441,32.05723550,NULL,NULL),
(883,'admin','118.244.254.9','2016-07-18 18:24:17','北京市','北京市',116.40387397,39.91488908,NULL,NULL),
(884,'admin','117.89.133.205','2016-07-18 18:26:19','江苏省','南京市',118.77807441,32.05723550,NULL,NULL),
(885,'admin','123.85.178.60','2016-07-18 18:27:30','湖北省','襄阳市',112.17632580,32.09493365,NULL,NULL),
(886,'admin','218.19.97.142','2016-07-18 19:03:16','广东省','广州市',113.30764968,23.12004910,NULL,NULL),
(887,'admin','111.196.79.79','2016-07-18 19:31:13','北京市','北京市',116.40387397,39.91488908,NULL,NULL),
(888,'admin','111.196.79.79','2016-07-18 19:31:17','北京市','北京市',116.40387397,39.91488908,NULL,NULL),
(889,'admin','183.164.59.209','2016-07-18 22:17:10','安徽省','马鞍山市',118.51588185,31.68852816,NULL,NULL),
(890,'admin','123.234.233.64','2016-07-19 08:48:51','山东省','青岛市',120.38442818,36.10521490,NULL,NULL),
(891,'admin','123.234.233.64','2016-07-19 08:49:13','山东省','青岛市',120.38442818,36.10521490,NULL,NULL),
(892,'admin','180.169.33.113','2016-07-19 09:17:33','上海市','上海市',121.48789949,31.24916171,NULL,NULL),
(893,'admin','61.135.194.168','2016-07-19 09:26:09','北京市','北京市',116.40387397,39.91488908,NULL,NULL),
(894,'admin','61.135.194.168','2016-07-19 09:26:18','北京市','北京市',116.40387397,39.91488908,NULL,NULL),
(895,'admin','218.17.162.170','2016-07-19 09:27:30','广东省','深圳市',114.02597366,22.54605355,NULL,NULL),
(896,'admin','61.135.194.168','2016-07-19 10:13:08','北京市','北京市',116.40387397,39.91488908,NULL,NULL),
(897,'admin','106.38.73.234','2016-07-19 10:19:56','北京市','北京市',116.40387397,39.91488908,NULL,NULL),
(898,'admin','61.135.242.241','2016-07-19 10:20:03','北京市','北京市',116.40387397,39.91488908,NULL,NULL),
(899,'admin','112.65.145.162','2016-07-19 10:20:21','上海市','上海市',121.48789949,31.24916171,NULL,NULL),
(900,'admin','119.255.38.142','2016-07-19 10:20:26','北京市','北京市',116.40387397,39.91488908,NULL,NULL),
(901,'admin','106.37.236.229','2016-07-19 10:21:12','北京市','北京市',116.40387397,39.91488908,NULL,NULL),
(902,'admin','223.72.88.249','2016-07-19 10:21:29','北京市','北京市',116.40387397,39.91488908,NULL,NULL),
(903,'admin','221.239.96.186','2016-07-19 10:21:36','天津市','天津市',117.21081309,39.14392990,NULL,NULL),
(904,'admin','106.120.61.77','2016-07-19 10:22:29','北京市','北京市',116.40387397,39.91488908,NULL,NULL),
(905,'admin','182.150.21.96','2016-07-19 10:22:49','四川省','成都市',104.06792346,30.67994285,NULL,NULL),
(906,'admin','124.205.63.250','2016-07-19 10:24:44','北京市','北京市',116.40387397,39.91488908,NULL,NULL),
(907,'admin','118.186.252.98','2016-07-19 10:24:54','北京市','北京市',116.40387397,39.91488908,NULL,NULL),
(908,'admin','119.57.251.72','2016-07-19 10:25:30','北京市','北京市',116.40387397,39.91488908,NULL,NULL),
(909,'admin','36.110.119.52','2016-07-19 10:25:47','北京市','北京市',116.40387397,39.91488908,NULL,NULL),
(910,'admin','118.186.252.98','2016-07-19 10:28:08','北京市','北京市',116.40387397,39.91488908,NULL,NULL),
(911,'admin','61.135.194.168','2016-07-19 10:28:17','北京市','北京市',116.40387397,39.91488908,NULL,NULL),
(912,'admin','61.135.194.168','2016-07-19 10:28:22','北京市','北京市',116.40387397,39.91488908,NULL,NULL),
(913,'admin','118.186.252.98','2016-07-19 10:29:37','北京市','北京市',116.40387397,39.91488908,NULL,NULL),
(914,'admin','183.131.17.98','2016-07-19 10:32:16','浙江省','杭州市',120.21937542,30.25924446,NULL,NULL),
(915,'admin','182.18.37.231','2016-07-19 10:32:44','北京市','北京市',116.40387397,39.91488908,NULL,NULL),
(916,'admin','124.207.174.242','2016-07-19 10:36:34','北京市','北京市',116.40387397,39.91488908,NULL,NULL),
(917,'admin','223.72.57.194','2016-07-19 10:37:17','北京市','北京市',116.40387397,39.91488908,NULL,NULL),
(918,'admin','124.207.174.242','2016-07-19 10:37:51','北京市','北京市',116.40387397,39.91488908,NULL,NULL),
(919,'admin','117.136.0.183','2016-07-19 10:44:33','北京市','北京市',116.40387397,39.91488908,NULL,NULL),
(920,'admin','123.178.199.14','2016-07-19 10:44:55','内蒙古自治区','锡林郭勒盟',116.02733969,43.93970484,NULL,NULL),
(921,'admin','223.71.219.45','2016-07-19 10:44:57','北京市','北京市',116.40387397,39.91488908,NULL,NULL),
(922,'admin','123.178.199.14','2016-07-19 10:45:07','内蒙古自治区','锡林郭勒盟',116.02733969,43.93970484,NULL,NULL),
(923,'admin','123.122.90.111','2016-07-19 10:47:17','北京市','北京市',116.40387397,39.91488908,NULL,NULL),
(924,'admin','61.135.194.168','2016-07-19 10:47:29','北京市','北京市',116.40387397,39.91488908,NULL,NULL),
(925,'admin','61.135.194.168','2016-07-19 10:47:35','北京市','北京市',116.40387397,39.91488908,NULL,NULL),
(926,'admin','61.49.178.106','2016-07-19 10:48:08','北京市','北京市',116.40387397,39.91488908,NULL,NULL),
(927,'admin','61.49.178.106','2016-07-19 10:48:19','北京市','北京市',116.40387397,39.91488908,NULL,NULL),
(928,'admin','124.207.174.242','2016-07-19 10:49:51','北京市','北京市',116.40387397,39.91488908,NULL,NULL),
(929,'admin','218.28.24.138','2016-07-19 10:53:27','河南省','郑州市',113.64964385,34.75661006,NULL,NULL),
(930,'admin','111.198.70.62','2016-07-19 11:05:26','北京市','北京市',116.40387397,39.91488908,NULL,NULL),
(931,'admin','111.198.70.62','2016-07-19 11:05:48','北京市','北京市',116.40387397,39.91488908,NULL,NULL),
(932,'admin','123.119.212.45','2016-07-19 11:41:41','北京市','北京市',116.40387397,39.91488908,NULL,NULL),
(933,'admin','112.65.145.162','2016-07-19 12:15:47','上海市','上海市',121.48789949,31.24916171,NULL,NULL),
(934,'admin','61.148.243.41','2016-07-19 12:19:38','北京市','北京市',116.40387397,39.91488908,NULL,NULL),
(935,'admin','124.127.118.52','2016-07-19 12:30:51','北京市','北京市',116.40387397,39.91488908,NULL,NULL),
(936,'admin','113.250.253.170','2016-07-19 12:31:18','重庆市','重庆市',106.53063501,29.54460611,NULL,NULL),
(937,'admin','114.242.38.103','2016-07-19 12:33:17','北京市','北京市',116.40387397,39.91488908,NULL,NULL),
(938,'admin','61.135.194.168','2016-07-19 12:40:03','北京市','北京市',116.40387397,39.91488908,NULL,NULL),
(939,'admin','124.65.96.198','2016-07-19 12:40:22','北京市','北京市',116.40387397,39.91488908,NULL,NULL),
(940,'admin','103.8.221.205','2016-07-19 12:41:57','北京市','北京市',116.40387397,39.91488908,NULL,NULL),
(941,'admin','61.190.69.5','2016-07-19 12:50:10','安徽省','合肥市',117.28269909,31.86694226,NULL,NULL),
(942,'admin','120.217.56.158','2016-07-19 13:07:08','河南省','郑州市',113.64964385,34.75661006,NULL,NULL),
(943,'admin','119.40.48.44','2016-07-19 13:08:41','北京市','北京市',116.40387397,39.91488908,NULL,NULL),
(944,'admin','121.14.104.61','2016-07-19 13:11:05','广东省','深圳市',114.02597366,22.54605355,NULL,NULL),
(945,'admin','113.118.50.85','2016-07-19 13:15:12','广东省','深圳市',114.02597366,22.54605355,NULL,NULL),
(946,'admin','116.231.152.93','2016-07-19 13:22:13','上海市','上海市',121.48789949,31.24916171,NULL,NULL),
(947,'admin','106.39.60.50','2016-07-19 13:25:56','北京市','北京市',116.40387397,39.91488908,NULL,NULL),
(948,'admin','106.39.15.158','2016-07-19 13:30:34','北京市','北京市',116.40387397,39.91488908,NULL,NULL),
(949,'admin','222.66.154.84','2016-07-19 13:31:20','上海市','上海市',121.48789949,31.24916171,NULL,NULL),
(950,'admin','222.66.154.84','2016-07-19 13:31:31','上海市','上海市',121.48789949,31.24916171,NULL,NULL),
(951,'admin','114.240.61.253','2016-07-19 13:41:52','北京市','北京市',116.40387397,39.91488908,NULL,NULL),
(952,'admin','114.240.199.164','2016-07-19 13:46:01','北京市','北京市',116.40387397,39.91488908,NULL,NULL),
(953,'admin','117.40.132.195','2016-07-19 13:52:49','江西省','南昌市',115.89352755,28.68957800,NULL,NULL),
(954,'admin','221.232.136.154','2016-07-19 13:53:06','湖北省','武汉市',114.31620010,30.58108413,NULL,NULL),
(955,'admin','117.40.132.195','2016-07-19 13:55:50','江西省','南昌市',115.89352755,28.68957800,NULL,NULL),
(956,'admin','221.219.226.35','2016-07-19 13:59:54','北京市','北京市',116.40387397,39.91488908,NULL,NULL),
(957,'admin','123.125.26.230','2016-07-19 14:03:58','北京市','北京市',116.40387397,39.91488908,NULL,NULL),
(958,'admin','123.125.26.230','2016-07-19 14:05:35','北京市','北京市',116.40387397,39.91488908,NULL,NULL),
(959,'admin','123.125.26.230','2016-07-19 14:07:57','北京市','北京市',116.40387397,39.91488908,NULL,NULL),
(960,'admin','112.253.25.51','2016-07-19 14:09:22','山东省','潍坊市',119.14263382,36.71611487,NULL,NULL),
(961,'admin','111.203.45.2','2016-07-19 14:12:07','北京市','北京市',116.40387397,39.91488908,NULL,NULL),
(962,'admin','111.203.45.2','2016-07-19 14:12:27','北京市','北京市',116.40387397,39.91488908,NULL,NULL),
(963,'admin','110.228.24.155','2016-07-19 14:32:12','河北省','石家庄市',114.52208184,38.04895831,NULL,NULL),
(964,'admin','112.112.32.224','2016-07-19 14:39:15','云南省','昆明市',102.71460114,25.04915310,NULL,NULL),
(965,'admin','218.28.24.138','2016-07-19 14:53:14','河南省','郑州市',113.64964385,34.75661006,NULL,NULL),
(966,'admin','218.28.24.138','2016-07-19 14:53:50','河南省','郑州市',113.64964385,34.75661006,NULL,NULL),
(967,'admin','61.135.194.168','2016-07-19 15:14:42','北京市','北京市',116.40387397,39.91488908,NULL,NULL),
(968,'admin','124.133.5.234','2016-07-19 15:16:06','山东省','济南市',117.02496707,36.68278473,NULL,NULL),
(969,'admin','113.109.60.252','2016-07-19 15:16:14','广东省','广州市',113.30764968,23.12004910,NULL,NULL),
(970,'admin','222.90.106.195','2016-07-19 15:16:17','陕西省','西安市',108.95309828,34.27779990,NULL,NULL),
(971,'admin','144.52.45.169','2016-07-19 15:16:19','山东省','青岛市',120.38442818,36.10521490,NULL,NULL),
(972,'admin','218.83.245.210','2016-07-19 15:16:20','上海市','上海市',121.48789949,31.24916171,NULL,NULL),
(973,'admin','117.114.151.179','2016-07-19 15:16:37','北京市','北京市',116.40387397,39.91488908,NULL,NULL),
(974,'admin','144.52.45.169','2016-07-19 15:16:54','山东省','青岛市',120.38442818,36.10521490,NULL,NULL),
(975,'admin','218.27.76.50','2016-07-19 15:17:21','吉林省','长春市',125.31364243,43.89833761,NULL,NULL),
(976,'admin','223.71.219.130','2016-07-19 15:17:32','北京市','北京市',116.40387397,39.91488908,NULL,NULL),
(977,'admin','123.85.178.60','2016-07-19 15:17:34','湖北省','襄阳市',112.17632580,32.09493365,NULL,NULL),
(978,'admin','121.8.210.22','2016-07-19 15:17:40','广东省','广州市',113.30764968,23.12004910,NULL,NULL),
(979,'admin','111.207.230.161','2016-07-19 15:17:47','北京市','北京市',116.40387397,39.91488908,NULL,NULL),
(980,'admin','111.75.216.62','2016-07-19 15:18:02','江西省','南昌市',115.89352755,28.68957800,NULL,NULL),
(981,'admin','218.247.164.40','2016-07-19 15:18:10','北京市','北京市',116.40387397,39.91488908,NULL,NULL),
(982,'admin','116.228.89.242','2016-07-19 15:18:20','上海市','上海市',121.48789949,31.24916171,NULL,NULL),
(983,'admin','222.35.39.206','2016-07-19 15:18:28','北京市','北京市',116.40387397,39.91488908,NULL,NULL),
(984,'admin','202.96.41.3','2016-07-19 15:18:51','北京市','北京市',116.40387397,39.91488908,NULL,NULL),
(985,'admin','14.124.108.198','2016-07-19 15:19:30','广东省','广州市',113.30764968,23.12004910,NULL,NULL),
(986,'admin','121.15.27.61','2016-07-19 15:20:03','广东省','深圳市',114.02597366,22.54605355,NULL,NULL),
(987,'admin','124.74.134.198','2016-07-19 15:20:24','上海市','上海市',121.48789949,31.24916171,NULL,NULL),
(988,'admin','106.39.222.41','2016-07-19 15:21:28','北京市','北京市',116.40387397,39.91488908,NULL,NULL),
(989,'admin','61.135.194.168','2016-07-19 15:21:42','北京市','北京市',116.40387397,39.91488908,NULL,NULL),
(990,'admin','183.129.218.84','2016-07-19 15:22:40','浙江省','杭州市',120.21937542,30.25924446,NULL,NULL),
(991,'admin','111.206.190.198','2016-07-19 15:23:52','北京市','北京市',116.40387397,39.91488908,NULL,NULL),
(992,'admin','219.134.108.166','2016-07-19 15:24:00','广东省','深圳市',114.02597366,22.54605355,NULL,NULL),
(993,'admin','211.157.166.220','2016-07-19 15:24:11','北京市','北京市',116.40387397,39.91488908,NULL,NULL),
(994,'admin','61.145.223.94','2016-07-19 15:24:41','广东省','东莞市',113.76343399,23.04302382,NULL,NULL),
(995,'admin','14.28.139.155','2016-07-19 15:24:42','广东省','深圳市',114.02597366,22.54605355,NULL,NULL),
(996,'admin','61.145.223.94','2016-07-19 15:27:43','广东省','东莞市',113.76343399,23.04302382,NULL,NULL),
(997,'admin','116.24.98.18','2016-07-19 15:29:08','广东省','深圳市',114.02597366,22.54605355,NULL,NULL),
(998,'admin','218.240.62.35','2016-07-19 15:30:11','北京市','北京市',116.40387397,39.91488908,NULL,NULL),
(999,'admin','58.212.190.237','2016-07-19 15:32:18','江苏省','南京市',118.77807441,32.05723550,NULL,NULL),
(1000,'admin','58.212.190.237','2016-07-19 15:32:29','江苏省','南京市',118.77807441,32.05723550,NULL,NULL),
(1001,'admin','58.211.194.43','2016-07-19 15:34:32','江苏省','苏州市',120.61990712,31.31798737,NULL,NULL),
(1002,'admin','180.173.181.101','2016-07-19 15:36:54','上海市','上海市',121.48789949,31.24916171,NULL,NULL),
(1003,'admin','114.240.61.253','2016-07-19 15:37:18','北京市','北京市',116.40387397,39.91488908,NULL,NULL),
(1004,'admin','113.140.251.121','2016-07-19 15:37:52','陕西省','西安市',108.95309828,34.27779990,NULL,NULL),
(1005,'admin','61.135.194.168','2016-07-19 15:38:29','北京市','北京市',116.40387397,39.91488908,NULL,NULL),
(1006,'admin','58.58.196.19','2016-07-19 15:40:41','山东省','临沂市',118.34076824,35.07240907,NULL,NULL),
(1007,'admin','61.141.189.194','2016-07-19 15:41:51','广东省','深圳市',114.02597366,22.54605355,NULL,NULL),
(1008,'admin','36.110.13.115','2016-07-19 15:42:21','北京市','北京市',116.40387397,39.91488908,NULL,NULL),
(1009,'admin','117.15.85.27','2016-07-19 15:42:49','天津市','天津市',117.21081309,39.14392990,NULL,NULL),
(1010,'admin','119.57.32.162','2016-07-19 15:43:56','北京市','北京市',116.40387397,39.91488908,NULL,NULL),
(1011,'admin','58.254.0.129','2016-07-19 15:44:09','广东省','汕尾市',115.37292429,22.77873050,NULL,NULL),
(1012,'admin','211.162.34.23','2016-07-19 15:44:26','广东省','深圳市',114.02597366,22.54605355,NULL,NULL),
(1013,'admin','182.150.21.96','2016-07-19 15:44:34','四川省','成都市',104.06792346,30.67994285,NULL,NULL),
(1014,'admin','101.254.166.99','2016-07-19 15:44:47','北京市','北京市',116.40387397,39.91488908,NULL,NULL),
(1015,'admin','1.119.6.38','2016-07-19 15:45:05','北京市','北京市',116.40387397,39.91488908,NULL,NULL),
(1016,'admin','111.203.34.12','2016-07-19 15:45:11','北京市','北京市',116.40387397,39.91488908,NULL,NULL),
(1017,'admin','123.12.87.204','2016-07-19 15:48:04','河南省','濮阳市',115.02662744,35.75329789,NULL,NULL),
(1018,'admin','111.30.21.47','2016-07-19 15:48:15','天津市','天津市',117.21081309,39.14392990,NULL,NULL),
(1019,'admin','218.249.73.63','2016-07-19 15:50:11','北京市','北京市',116.40387397,39.91488908,NULL,NULL),
(1020,'admin','183.14.227.12','2016-07-19 15:54:52','广东省','深圳市',114.02597366,22.54605355,NULL,NULL),
(1021,'admin','223.240.173.21','2016-07-19 15:59:37','安徽省','合肥市',117.28269909,31.86694226,NULL,NULL),
(1022,'admin','221.239.96.186','2016-07-19 16:00:53','天津市','天津市',117.21081309,39.14392990,NULL,NULL),
(1023,'admin','110.249.174.58','2016-07-19 16:11:02','河北省','石家庄市',114.52208184,38.04895831,NULL,NULL),
(1024,'admin','111.201.211.215','2016-07-19 16:13:16','北京市','北京市',116.40387397,39.91488908,NULL,NULL),
(1025,'admin','221.239.96.186','2016-07-19 16:22:37','天津市','天津市',117.21081309,39.14392990,NULL,NULL),
(1026,'admin','202.96.41.3','2016-07-19 16:22:43','北京市','北京市',116.40387397,39.91488908,NULL,NULL),
(1027,'admin','114.111.166.227','2016-07-19 16:54:41','北京市','北京市',116.40387397,39.91488908,NULL,NULL),
(1028,'admin','61.135.194.168','2016-07-19 17:13:47','北京市','北京市',116.40387397,39.91488908,NULL,NULL),
(1029,'admin','218.72.45.235','2016-07-19 17:15:47','浙江省','杭州市',120.21937542,30.25924446,NULL,NULL),
(1030,'admin','121.56.239.139','2016-07-19 17:15:55','内蒙古自治区','呼伦贝尔市',119.76082179,49.20163605,NULL,NULL),
(1031,'admin','58.243.250.144','2016-07-19 17:15:56','安徽省','合肥市',117.28269909,31.86694226,NULL,NULL),
(1032,'admin','39.65.139.47','2016-07-19 17:16:00','山东省','青岛市',120.38442818,36.10521490,NULL,NULL),
(1033,'admin','111.204.202.194','2016-07-19 17:16:10','北京市','北京市',116.40387397,39.91488908,NULL,NULL),
(1034,'admin','219.141.211.14','2016-07-19 17:16:16','北京市','北京市',116.40387397,39.91488908,NULL,NULL),
(1035,'admin','101.81.3.151','2016-07-19 17:16:16','上海市','上海市',121.48789949,31.24916171,NULL,NULL),
(1036,'admin','221.223.133.176','2016-07-19 17:16:54','北京市','北京市',116.40387397,39.91488908,NULL,NULL),
(1037,'admin','59.108.99.162','2016-07-19 17:16:58','北京市','北京市',116.40387397,39.91488908,NULL,NULL),
(1038,'admin','111.207.163.38','2016-07-19 17:17:19','北京市','北京市',116.40387397,39.91488908,NULL,NULL),
(1039,'admin','125.34.76.67','2016-07-19 17:17:33','北京市','北京市',116.40387397,39.91488908,NULL,NULL),
(1040,'admin','124.238.218.5','2016-07-19 17:18:06','河北省','廊坊市',116.70360222,39.51861063,NULL,NULL),
(1041,'admin','112.82.247.132','2016-07-19 17:18:14','江苏省','常州市',119.98186101,31.77139674,NULL,NULL),
(1042,'admin','111.206.166.226','2016-07-19 17:18:29','北京市','北京市',116.40387397,39.91488908,NULL,NULL),
(1043,'admin','117.33.120.210','2016-07-19 17:19:06','陕西省','西安市',108.95309828,34.27779990,NULL,NULL),
(1044,'admin','123.124.249.235','2016-07-19 17:19:13','北京市','北京市',116.40387397,39.91488908,NULL,NULL),
(1045,'admin','218.205.167.1','2016-07-19 17:19:31','北京市','北京市',116.40387397,39.91488908,NULL,NULL),
(1046,'admin','114.111.167.228','2016-07-19 17:20:05','北京市','北京市',116.40387397,39.91488908,NULL,NULL),
(1047,'admin','218.56.199.231','2016-07-19 17:21:53','山东省','济南市',117.02496707,36.68278473,NULL,NULL),
(1048,'admin','125.34.76.67','2016-07-19 17:22:30','北京市','北京市',116.40387397,39.91488908,NULL,NULL),
(1049,'admin','222.35.22.178','2016-07-19 17:23:23','北京市','北京市',116.40387397,39.91488908,NULL,NULL),
(1050,'admin','218.56.199.231','2016-07-19 17:25:08','山东省','济南市',117.02496707,36.68278473,NULL,NULL),
(1051,'admin','202.106.52.126','2016-07-19 17:33:59','北京市','北京市',116.40387397,39.91488908,NULL,NULL),
(1052,'admin','218.72.45.235','2016-07-19 17:35:26','浙江省','杭州市',120.21937542,30.25924446,NULL,NULL),
(1053,'admin','114.113.220.27','2016-07-19 17:47:50','北京市','北京市',116.40387397,39.91488908,NULL,NULL),
(1054,'admin','114.242.250.240','2016-07-19 17:52:14','北京市','北京市',116.40387397,39.91488908,NULL,NULL),
(1055,'admin','182.18.15.18','2016-07-19 19:16:17','北京市','北京市',116.40387397,39.91488908,NULL,NULL),
(1056,'admin','219.141.211.14','2016-07-19 19:28:41','北京市','北京市',116.40387397,39.91488908,NULL,NULL),
(1057,'admin','101.81.193.48','2016-07-19 19:30:13','上海市','上海市',121.48789949,31.24916171,NULL,NULL),
(1058,'admin','222.18.167.198','2016-07-19 19:36:12','四川省','成都市',104.06792346,30.67994285,NULL,NULL),
(1059,'admin','39.177.205.176','2016-07-19 20:02:49','江西省','南昌市',115.89352755,28.68957800,NULL,NULL),
(1060,'admin','117.114.129.182','2016-07-19 20:58:11','北京市','北京市',116.40387397,39.91488908,NULL,NULL),
(1061,'admin','111.206.20.59','2016-07-19 21:16:22','北京市','北京市',116.40387397,39.91488908,NULL,NULL),
(1062,'admin','103.44.205.149','2016-07-19 21:19:26','北京市','北京市',116.40387397,39.91488908,NULL,NULL),
(1063,'admin','112.95.136.38','2016-07-19 23:10:22','广东省','深圳市',114.02597366,22.54605355,NULL,NULL),
(1064,'admin','111.161.77.194','2016-07-20 07:48:37','北京市','北京市',116.40387397,39.91488908,NULL,NULL),
(1065,'admin','157.61.129.180','2016-07-20 08:26:27','广东省','汕头市',116.72865029,23.38390845,NULL,NULL),
(1066,'admin','125.39.30.137','2016-07-20 08:39:24','北京市','北京市',116.40387397,39.91488908,NULL,NULL),
(1067,'admin','125.39.30.137','2016-07-20 09:07:19','北京市','北京市',116.40387397,39.91488908,NULL,NULL),
(1068,'admin','202.106.86.129','2016-07-20 09:09:39','北京市','北京市',116.40387397,39.91488908,NULL,NULL),
(1069,'admin','124.65.108.46','2016-07-20 09:23:33','北京市','北京市',116.40387397,39.91488908,NULL,NULL),
(1070,'admin','114.249.226.123','2016-07-20 09:30:30','北京市','北京市',116.40387397,39.91488908,NULL,NULL),
(1071,'admin','49.4.169.146','2016-07-20 09:38:17','北京市','北京市',116.40387397,39.91488908,NULL,NULL),
(1072,'admin','123.138.217.221','2016-07-20 09:42:57','陕西省','西安市',108.95309828,34.27779990,NULL,NULL),
(1073,'admin','115.60.82.123','2016-07-20 09:43:39','河南省','郑州市',113.64964385,34.75661006,NULL,NULL),
(1074,'admin','221.193.217.2','2016-07-20 09:44:05','河北省','邯郸市',114.48269393,36.60930793,NULL,NULL),
(1075,'admin','123.90.195.188','2016-07-20 09:44:23','辽宁省','大连市',121.59347778,38.94870994,NULL,NULL),
(1076,'admin','223.72.57.194','2016-07-20 09:44:25','北京市','北京市',116.40387397,39.91488908,NULL,NULL),
(1077,'admin','211.157.145.226','2016-07-20 09:44:49','北京市','北京市',116.40387397,39.91488908,NULL,NULL),
(1078,'admin','116.236.130.126','2016-07-20 09:45:03','上海市','上海市',121.48789949,31.24916171,NULL,NULL),
(1079,'admin','124.207.8.234','2016-07-20 09:46:58','北京市','北京市',116.40387397,39.91488908,NULL,NULL),
(1080,'admin','123.120.126.167','2016-07-20 09:47:30','北京市','北京市',116.40387397,39.91488908,NULL,NULL),
(1081,'admin','218.72.45.235','2016-07-20 09:49:22','浙江省','杭州市',120.21937542,30.25924446,NULL,NULL),
(1082,'admin','124.193.195.210','2016-07-20 09:50:59','北京市','北京市',116.40387397,39.91488908,NULL,NULL),
(1083,'admin','124.207.38.143','2016-07-20 09:51:17','北京市','北京市',116.40387397,39.91488908,NULL,NULL),
(1084,'admin','113.57.160.51','2016-07-20 09:51:38','湖北省','武汉市',114.31620010,30.58108413,NULL,NULL),
(1085,'admin','222.161.97.190','2016-07-20 09:53:18','吉林省','长春市',125.31364243,43.89833761,NULL,NULL),
(1086,'admin','124.207.38.143','2016-07-20 09:54:50','北京市','北京市',116.40387397,39.91488908,NULL,NULL),
(1087,'admin','61.135.194.168','2016-07-20 10:01:31','北京市','北京市',116.40387397,39.91488908,NULL,NULL),
(1088,'admin','101.254.182.62','2016-07-20 10:02:37','北京市','北京市',116.40387397,39.91488908,NULL,NULL),
(1089,'admin','117.136.70.96','2016-07-20 10:03:10','四川省','成都市',104.06792346,30.67994285,NULL,NULL),
(1090,'admin','101.254.182.62','2016-07-20 10:03:23','北京市','北京市',116.40387397,39.91488908,NULL,NULL),
(1091,'admin','101.81.115.218','2016-07-20 10:06:40','上海市','上海市',121.48789949,31.24916171,NULL,NULL),
(1092,'admin','101.254.182.62','2016-07-20 10:06:44','北京市','北京市',116.40387397,39.91488908,NULL,NULL),
(1093,'admin','101.81.115.218','2016-07-20 10:07:26','上海市','上海市',121.48789949,31.24916171,NULL,NULL),
(1094,'admin','60.222.59.10','2016-07-20 10:09:12','山西省','运城市',111.00685365,35.03885948,NULL,NULL),
(1095,'admin','180.168.65.198','2016-07-20 10:11:02','上海市','上海市',121.48789949,31.24916171,NULL,NULL),
(1096,'admin','175.25.25.151','2016-07-20 10:18:47','北京市','北京市',116.40387397,39.91488908,NULL,NULL),
(1097,'admin','111.206.166.242','2016-07-20 10:33:26','北京市','北京市',116.40387397,39.91488908,NULL,NULL),
(1098,'admin','116.239.12.14','2016-07-20 10:44:08','上海市','上海市',121.48789949,31.24916171,NULL,NULL),
(1099,'admin','106.42.175.151','2016-07-20 11:09:16','河南省','商丘市',115.64188569,34.43858864,NULL,NULL),
(1100,'admin','219.146.91.98','2016-07-20 11:11:57','山东省','青岛市',120.38442818,36.10521490,NULL,NULL),
(1101,'admin','101.254.182.62','2016-07-20 11:14:16','北京市','北京市',116.40387397,39.91488908,NULL,NULL),
(1102,'admin','219.146.91.98','2016-07-20 11:14:53','山东省','青岛市',120.38442818,36.10521490,NULL,NULL),
(1103,'admin','223.72.243.62','2016-07-20 11:41:15','北京市','北京市',116.40387397,39.91488908,NULL,NULL),
(1104,'admin','124.205.127.102','2016-07-20 11:52:18','北京市','北京市',116.40387397,39.91488908,NULL,NULL),
(1105,'admin','14.216.8.57','2016-07-20 12:25:13','广东省','东莞市',113.76343399,23.04302382,NULL,NULL),
(1106,'admin','221.219.226.35','2016-07-20 12:39:59','北京市','北京市',116.40387397,39.91488908,NULL,NULL),
(1107,'admin','125.39.30.146','2016-07-20 12:46:49','北京市','北京市',116.40387397,39.91488908,NULL,NULL),
(1108,'admin','124.65.136.186','2016-07-20 13:44:32','北京市','北京市',116.40387397,39.91488908,NULL,NULL),
(1109,'admin','211.162.33.129','2016-07-20 13:54:21','广东省','深圳市',114.02597366,22.54605355,NULL,NULL),
(1110,'admin','106.120.61.77','2016-07-20 13:54:40','北京市','北京市',116.40387397,39.91488908,NULL,NULL),
(1111,'admin','122.71.166.251','2016-07-20 13:55:22','北京市','北京市',116.40387397,39.91488908,NULL,NULL),
(1112,'admin','192.168.7.176','2016-07-20 13:56:09',NULL,NULL,NULL,NULL,NULL,NULL),
(1113,'admin','111.113.70.26','2016-07-20 13:57:36','宁夏回族自治区','银川市',106.20647861,38.50262101,NULL,NULL),
(1114,'admin','112.229.145.174','2016-07-20 14:07:00','山东省','济南市',117.02496707,36.68278473,NULL,NULL),
(1115,'admin','183.45.18.112','2016-07-20 14:07:02','广东省','珠海市',113.56244703,22.25691465,NULL,NULL),
(1116,'admin','111.113.70.26','2016-07-20 14:08:33','宁夏回族自治区','银川市',106.20647861,38.50262101,NULL,NULL),
(1117,'admin','125.33.204.77','2016-07-20 14:09:16','北京市','北京市',116.40387397,39.91488908,NULL,NULL),
(1118,'admin','113.31.16.242','2016-07-20 14:12:59','北京市','北京市',116.40387397,39.91488908,NULL,NULL),
(1119,'admin','14.105.93.130','2016-07-20 14:13:45','重庆市','重庆市',106.53063501,29.54460611,NULL,NULL),
(1120,'admin','14.105.93.130','2016-07-20 14:14:06','重庆市','重庆市',106.53063501,29.54460611,NULL,NULL),
(1121,'admin','223.240.167.61','2016-07-20 14:19:18','安徽省','合肥市',117.28269909,31.86694226,NULL,NULL),
(1122,'admin','223.240.167.61','2016-07-20 14:19:38','安徽省','合肥市',117.28269909,31.86694226,NULL,NULL),
(1123,'admin','14.105.93.130','2016-07-20 14:20:54','重庆市','重庆市',106.53063501,29.54460611,NULL,NULL),
(1124,'admin','114.113.220.27','2016-07-20 14:21:06','北京市','北京市',116.40387397,39.91488908,NULL,NULL),
(1125,'admin','27.115.87.106','2016-07-20 14:21:53','上海市','上海市',121.48789949,31.24916171,NULL,NULL),
(1126,'admin','61.135.194.168','2016-07-20 14:22:09','北京市','北京市',116.40387397,39.91488908,NULL,NULL),
(1127,'admin','123.125.90.171','2016-07-20 14:22:49','北京市','北京市',116.40387397,39.91488908,NULL,NULL),
(1128,'admin','218.6.169.95','2016-07-20 14:39:53','四川省','成都市',104.06792346,30.67994285,NULL,NULL),
(1129,'admin','218.6.169.95','2016-07-20 14:40:07','四川省','成都市',104.06792346,30.67994285,NULL,NULL),
(1130,'admin','118.113.144.13','2016-07-20 14:44:38','四川省','成都市',104.06792346,30.67994285,NULL,NULL),
(1131,'admin','218.28.24.138','2016-07-20 14:44:45','河南省','郑州市',113.64964385,34.75661006,NULL,NULL),
(1132,'admin','116.231.32.152','2016-07-20 14:49:42','上海市','上海市',121.48789949,31.24916171,NULL,NULL),
(1133,'admin','116.231.32.152','2016-07-20 14:49:54','上海市','上海市',121.48789949,31.24916171,NULL,NULL),
(1134,'admin','116.231.32.152','2016-07-20 14:50:19','上海市','上海市',121.48789949,31.24916171,NULL,NULL),
(1135,'admin','14.216.8.57','2016-07-20 14:57:20','广东省','东莞市',113.76343399,23.04302382,NULL,NULL),
(1136,'admin','61.48.18.192','2016-07-20 15:11:44','北京市','北京市',116.40387397,39.91488908,NULL,NULL),
(1137,'admin','114.111.166.64','2016-07-20 15:18:18','北京市','北京市',116.40387397,39.91488908,NULL,NULL),
(1138,'admin','114.111.166.64','2016-07-20 15:22:45','北京市','北京市',116.40387397,39.91488908,NULL,NULL),
(1139,'admin','221.130.253.135','2016-07-20 15:44:51','北京市','北京市',116.40387397,39.91488908,NULL,NULL),
(1140,'admin','112.253.25.51','2016-07-20 15:51:30','山东省','潍坊市',119.14263382,36.71611487,NULL,NULL),
(1141,'admin','125.39.30.137','2016-07-20 16:09:03','北京市','北京市',116.40387397,39.91488908,NULL,NULL),
(1142,'admin','125.39.30.137','2016-07-20 16:11:55','北京市','北京市',116.40387397,39.91488908,NULL,NULL),
(1143,'admin','61.135.194.168','2016-07-20 16:14:52','北京市','北京市',116.40387397,39.91488908,NULL,NULL),
(1144,'admin','219.143.226.66','2016-07-20 16:16:18','北京市','北京市',116.40387397,39.91488908,NULL,NULL),
(1145,'admin','36.248.246.11','2016-07-20 16:18:00','广东省','广州市',113.30764968,23.12004910,NULL,NULL),
(1146,'admin','219.239.110.100','2016-07-20 16:18:02','北京市','北京市',116.40387397,39.91488908,NULL,NULL),
(1147,'admin','115.60.63.66','2016-07-20 16:18:08','河南省','郑州市',113.64964385,34.75661006,NULL,NULL),
(1148,'admin','61.134.47.190','2016-07-20 16:18:57','陕西省','安康市',109.03804456,32.70437045,NULL,NULL),
(1149,'admin','117.122.208.6','2016-07-20 16:19:02','北京市','北京市',116.40387397,39.91488908,NULL,NULL),
(1150,'admin','117.136.0.180','2016-07-20 16:20:19','北京市','北京市',116.40387397,39.91488908,NULL,NULL),
(1151,'admin','114.249.211.227','2016-07-20 16:20:37','北京市','北京市',116.40387397,39.91488908,NULL,NULL),
(1152,'admin','221.2.243.42','2016-07-20 16:21:05','山东省','东营市',118.58392633,37.48712116,NULL,NULL),
(1153,'admin','183.246.145.134','2016-07-20 16:21:44','浙江省','绍兴市',120.59246739,30.00236458,NULL,NULL),
(1154,'admin','58.251.229.40','2016-07-20 16:21:55','广东省','深圳市',114.02597366,22.54605355,NULL,NULL),
(1155,'admin','42.92.182.15','2016-07-20 16:22:46','甘肃省','兰州市',103.82330544,36.06422553,NULL,NULL),
(1156,'admin','223.104.3.204','2016-07-20 16:23:38','北京市','北京市',116.40387397,39.91488908,NULL,NULL),
(1157,'admin','223.104.19.132','2016-07-20 16:25:46','河南省','商丘市',115.64188569,34.43858864,NULL,NULL),
(1158,'admin','114.111.167.192','2016-07-20 16:38:43','北京市','北京市',116.40387397,39.91488908,NULL,NULL),
(1159,'admin','222.175.119.170','2016-07-20 16:44:45','山东省','济南市',117.02496707,36.68278473,NULL,NULL),
(1160,'admin','117.136.53.204','2016-07-20 16:50:44','湖北省','十堰市',110.80122892,32.63699434,NULL,NULL),
(1161,'admin','111.59.90.97','2016-07-20 16:50:47','广西壮族自治区','桂林市',110.26092015,25.26290125,NULL,NULL),
(1162,'admin','183.129.151.90','2016-07-20 17:01:37','浙江省','杭州市',120.21937542,30.25924446,NULL,NULL),
(1163,'admin','221.2.243.42','2016-07-20 17:04:04','山东省','东营市',118.58392633,37.48712116,NULL,NULL),
(1164,'admin','123.127.244.6','2016-07-20 17:27:52','北京市','北京市',116.40387397,39.91488908,NULL,NULL),
(1165,'admin','114.111.167.192','2016-07-20 17:27:55','北京市','北京市',116.40387397,39.91488908,NULL,NULL),
(1166,'admin','114.111.167.192','2016-07-20 17:28:48','北京市','北京市',116.40387397,39.91488908,NULL,NULL),
(1167,'admin','120.234.2.218','2016-07-20 18:12:30','广东省','深圳市',114.02597366,22.54605355,NULL,NULL),
(1168,'admin','120.234.2.218','2016-07-20 18:12:47','广东省','深圳市',114.02597366,22.54605355,NULL,NULL),
(1169,'admin','116.30.169.128','2016-07-20 18:15:24','广东省','深圳市',114.02597366,22.54605355,NULL,NULL),
(1170,'admin','116.30.169.128','2016-07-20 18:15:35','广东省','深圳市',114.02597366,22.54605355,NULL,NULL),
(1171,'admin','116.30.169.128','2016-07-20 18:21:09','广东省','深圳市',114.02597366,22.54605355,NULL,NULL),
(1172,'admin','222.69.251.167','2016-07-20 19:49:55','上海市','上海市',121.48789949,31.24916171,NULL,NULL),
(1173,'admin','61.158.152.242','2016-07-20 22:00:37','河南省','郑州市',113.64964385,34.75661006,NULL,NULL),
(1174,'admin','36.110.118.101','2016-07-20 22:10:54','北京市','北京市',116.40387397,39.91488908,NULL,NULL),
(1175,'admin','106.39.222.46','2016-07-20 22:17:00','北京市','北京市',116.40387397,39.91488908,NULL,NULL),
(1176,'admin','123.117.95.134','2016-07-20 22:58:08','北京市','北京市',116.40387397,39.91488908,NULL,NULL),
(1177,'admin','61.178.236.7','2016-07-21 08:31:14','甘肃省','兰州市',103.82330544,36.06422553,NULL,NULL),
(1178,'admin','122.4.237.157','2016-07-21 08:34:29','山东省','潍坊市',119.14263382,36.71611487,NULL,NULL),
(1179,'admin','202.96.41.3','2016-07-21 08:52:58','北京市','北京市',116.40387397,39.91488908,NULL,NULL),
(1180,'admin','222.128.168.154','2016-07-21 09:08:52','北京市','北京市',116.40387397,39.91488908,NULL,NULL),
(1181,'admin','222.128.168.154','2016-07-21 09:09:03','北京市','北京市',116.40387397,39.91488908,NULL,NULL),
(1182,'admin','113.67.132.27','2016-07-21 09:09:39','广东省','广州市',113.30764968,23.12004910,NULL,NULL),
(1183,'admin','112.117.11.219','2016-07-21 09:11:30','云南省','昆明市',102.71460114,25.04915310,NULL,NULL),
(1184,'admin','112.117.11.219','2016-07-21 09:11:38','云南省','昆明市',102.71460114,25.04915310,NULL,NULL),
(1185,'admin','113.68.33.214','2016-07-21 09:12:29','广东省','广州市',113.30764968,23.12004910,NULL,NULL),
(1186,'admin','113.68.33.214','2016-07-21 09:12:42','广东省','广州市',113.30764968,23.12004910,NULL,NULL),
(1187,'admin','113.132.8.80','2016-07-21 09:18:58','陕西省','西安市',108.95309828,34.27779990,NULL,NULL),
(1188,'admin','113.67.132.27','2016-07-21 09:44:24','广东省','广州市',113.30764968,23.12004910,NULL,NULL),
(1189,'admin','123.139.25.49','2016-07-21 09:50:58','陕西省','西安市',108.95309828,34.27779990,NULL,NULL),
(1190,'admin','61.135.194.168','2016-07-21 09:54:24','北京市','北京市',116.40387397,39.91488908,NULL,NULL),
(1191,'admin','115.197.240.85','2016-07-21 09:56:07','浙江省','杭州市',120.21937542,30.25924446,NULL,NULL),
(1192,'admin','114.80.240.196','2016-07-21 09:56:20','上海市','上海市',121.48789949,31.24916171,NULL,NULL),
(1193,'admin','27.115.87.106','2016-07-21 09:56:24','上海市','上海市',121.48789949,31.24916171,NULL,NULL),
(1194,'admin','125.34.76.67','2016-07-21 09:56:33','北京市','北京市',116.40387397,39.91488908,NULL,NULL),
(1195,'admin','112.96.188.65','2016-07-21 09:56:38','广东省','佛山市',113.13402564,23.03509484,NULL,NULL),
(1196,'admin','116.228.153.18','2016-07-21 10:06:26','上海市','上海市',121.48789949,31.24916171,NULL,NULL),
(1197,'admin','119.40.48.40','2016-07-21 10:09:01','北京市','北京市',116.40387397,39.91488908,NULL,NULL),
(1198,'admin','59.40.132.73','2016-07-21 10:10:35','广东省','深圳市',114.02597366,22.54605355,NULL,NULL),
(1199,'admin','221.130.253.135','2016-07-21 10:17:34','北京市','北京市',116.40387397,39.91488908,NULL,NULL),
(1200,'admin','58.251.229.40','2016-07-21 10:35:58','广东省','深圳市',114.02597366,22.54605355,NULL,NULL),
(1201,'admin','58.251.229.40','2016-07-21 10:36:14','广东省','深圳市',114.02597366,22.54605355,NULL,NULL),
(1202,'admin','123.127.244.6','2016-07-21 10:39:03','北京市','北京市',116.40387397,39.91488908,NULL,NULL),
(1203,'admin','58.251.229.40','2016-07-21 10:49:02','广东省','深圳市',114.02597366,22.54605355,NULL,NULL),
(1204,'admin','117.114.130.195','2016-07-21 10:49:14','北京市','北京市',116.40387397,39.91488908,NULL,NULL),
(1205,'admin','61.135.194.168','2016-07-21 10:49:34','北京市','北京市',116.40387397,39.91488908,NULL,NULL),
(1206,'admin','112.193.175.46','2016-07-21 10:54:53','四川省','成都市',104.06792346,30.67994285,NULL,NULL),
(1207,'admin','61.135.194.168','2016-07-21 12:36:28','北京市','北京市',116.40387397,39.91488908,NULL,NULL),
(1208,'admin','1.202.99.100','2016-07-21 12:44:34','北京市','北京市',116.40387397,39.91488908,NULL,NULL),
(1209,'admin','60.211.167.2','2016-07-21 13:20:25','山东省','济宁市',116.60079762,35.40212166,NULL,NULL),
(1210,'admin','119.6.92.220','2016-07-21 13:38:54','四川省','成都市',104.06792346,30.67994285,NULL,NULL),
(1211,'admin','123.57.11.79','2016-07-21 13:38:55','浙江省','杭州市',120.21937542,30.25924446,NULL,NULL),
(1212,'admin','113.132.8.80','2016-07-21 13:39:00','陕西省','西安市',108.95309828,34.27779990,NULL,NULL),
(1213,'admin','116.216.5.11','2016-07-21 13:39:24','湖北省','武汉市',114.31620010,30.58108413,NULL,NULL),
(1214,'admin','58.247.101.22','2016-07-21 13:40:31','上海市','上海市',121.48789949,31.24916171,NULL,NULL),
(1215,'admin','180.169.33.113','2016-07-21 13:41:53','上海市','上海市',121.48789949,31.24916171,NULL,NULL),
(1216,'admin','180.169.33.113','2016-07-21 13:42:02','上海市','上海市',121.48789949,31.24916171,NULL,NULL),
(1217,'admin','117.114.129.217','2016-07-21 13:42:15','北京市','北京市',116.40387397,39.91488908,NULL,NULL),
(1218,'admin','101.231.141.202','2016-07-21 13:44:22','上海市','上海市',121.48789949,31.24916171,NULL,NULL),
(1219,'admin','202.96.41.3','2016-07-21 13:44:50','北京市','北京市',116.40387397,39.91488908,NULL,NULL),
(1220,'admin','202.96.41.3','2016-07-21 13:44:59','北京市','北京市',116.40387397,39.91488908,NULL,NULL),
(1221,'admin','122.96.47.12','2016-07-21 13:45:21','江苏省','南京市',118.77807441,32.05723550,NULL,NULL),
(1222,'admin','112.243.68.248','2016-07-21 13:45:23','山东省','潍坊市',119.14263382,36.71611487,NULL,NULL),
(1223,'admin','122.96.47.12','2016-07-21 13:45:50','江苏省','南京市',118.77807441,32.05723550,NULL,NULL),
(1224,'admin','112.117.11.219','2016-07-21 13:46:01','云南省','昆明市',102.71460114,25.04915310,NULL,NULL),
(1225,'admin','101.231.141.202','2016-07-21 13:48:11','上海市','上海市',121.48789949,31.24916171,NULL,NULL),
(1226,'admin','101.231.141.202','2016-07-21 13:48:34','上海市','上海市',121.48789949,31.24916171,NULL,NULL),
(1227,'admin','61.135.194.168','2016-07-21 13:48:37','北京市','北京市',116.40387397,39.91488908,NULL,NULL),
(1228,'admin','61.135.194.168','2016-07-21 13:50:14','北京市','北京市',116.40387397,39.91488908,NULL,NULL),
(1229,'admin','101.231.141.202','2016-07-21 13:51:19','上海市','上海市',121.48789949,31.24916171,NULL,NULL),
(1230,'admin','39.168.8.150','2016-07-21 13:52:01','江西省','赣州市',114.93590908,25.84529554,NULL,NULL),
(1231,'admin','122.96.47.12','2016-07-21 13:53:16','江苏省','南京市',118.77807441,32.05723550,NULL,NULL),
(1232,'admin','223.104.177.141','2016-07-21 13:53:35','辽宁省','大连市',121.59347778,38.94870994,NULL,NULL),
(1233,'admin','203.100.84.109','2016-07-21 13:58:07','北京市','北京市',116.40387397,39.91488908,NULL,NULL),
(1234,'admin','121.229.212.124','2016-07-21 14:07:44','江苏省','南京市',118.77807441,32.05723550,NULL,NULL),
(1235,'admin','14.106.240.71','2016-07-21 14:09:17','重庆市','重庆市',106.53063501,29.54460611,NULL,NULL),
(1236,'admin','123.85.178.60','2016-07-21 14:12:08','湖北省','襄阳市',112.17632580,32.09493365,NULL,NULL),
(1237,'admin','123.85.178.60','2016-07-21 14:12:20','湖北省','襄阳市',112.17632580,32.09493365,NULL,NULL),
(1238,'admin','14.106.240.71','2016-07-21 14:12:23','重庆市','重庆市',106.53063501,29.54460611,NULL,NULL),
(1239,'admin','122.96.47.12','2016-07-21 14:20:27','江苏省','南京市',118.77807441,32.05723550,NULL,NULL),
(1240,'admin','61.134.47.190','2016-07-21 14:29:15','陕西省','安康市',109.03804456,32.70437045,NULL,NULL),
(1241,'admin','111.76.97.118','2016-07-21 15:03:59','江西省','抚州市',116.36091887,27.95454517,NULL,NULL),
(1242,'admin','123.85.178.60','2016-07-21 15:14:11','湖北省','襄阳市',112.17632580,32.09493365,NULL,NULL),
(1243,'admin','123.126.109.220','2016-07-21 15:26:40','北京市','北京市',116.40387397,39.91488908,NULL,NULL),
(1244,'admin','112.96.115.22','2016-07-21 15:38:09','广东省','广州市',113.30764968,23.12004910,NULL,NULL),
(1245,'admin','58.213.52.234','2016-07-21 15:38:40','江苏省','南京市',118.77807441,32.05723550,NULL,NULL),
(1246,'admin','58.213.52.234','2016-07-21 15:38:56','江苏省','南京市',118.77807441,32.05723550,NULL,NULL),
(1247,'admin','58.213.52.234','2016-07-21 15:39:44','江苏省','南京市',118.77807441,32.05723550,NULL,NULL),
(1248,'admin','122.96.47.12','2016-07-21 15:53:02','江苏省','南京市',118.77807441,32.05723550,NULL,NULL),
(1249,'admin','61.135.194.168','2016-07-21 16:22:37','北京市','北京市',116.40387397,39.91488908,NULL,NULL),
(1250,'super','61.135.194.168','2016-07-21 16:24:54','北京市','北京市',116.40387397,39.91488908,NULL,NULL),
(1251,'admin','123.126.109.220','2016-07-21 16:27:10','北京市','北京市',116.40387397,39.91488908,NULL,NULL),
(1252,'admin','61.135.194.168','2016-07-21 16:42:03','北京市','北京市',116.40387397,39.91488908,NULL,NULL),
(1253,'admin','61.158.148.106','2016-07-21 16:43:33','河南省','郑州市',113.64964385,34.75661006,NULL,NULL),
(1254,'admin','114.242.234.214','2016-07-21 16:43:36','北京市','北京市',116.40387397,39.91488908,NULL,NULL),
(1255,'admin','61.135.194.168','2016-07-21 16:44:11','北京市','北京市',116.40387397,39.91488908,NULL,NULL),
(1256,'admin','61.135.194.168','2016-07-21 16:48:16','北京市','北京市',116.40387397,39.91488908,NULL,NULL),
(1257,'admin','123.114.45.131','2016-07-21 16:48:20','北京市','北京市',116.40387397,39.91488908,NULL,NULL),
(1258,'admin','123.126.109.220','2016-07-21 16:51:32','北京市','北京市',116.40387397,39.91488908,NULL,NULL),
(1259,'admin','112.82.77.46','2016-07-21 16:51:45','江苏省','盐城市',120.14887182,33.37986188,NULL,NULL),
(1260,'admin','210.12.225.129','2016-07-21 16:52:02','北京市','北京市',116.40387397,39.91488908,NULL,NULL),
(1261,'admin','116.228.236.82','2016-07-21 16:52:06','上海市','上海市',121.48789949,31.24916171,NULL,NULL),
(1262,'admin','124.133.208.163','2016-07-21 16:52:11','山东省','济南市',117.02496707,36.68278473,NULL,NULL),
(1263,'admin','58.56.76.210','2016-07-21 16:53:22','山东省','济南市',117.02496707,36.68278473,NULL,NULL),
(1264,'admin','183.128.160.114','2016-07-21 16:59:15','浙江省','杭州市',120.21937542,30.25924446,NULL,NULL),
(1265,'admin','106.120.29.121','2016-07-21 16:59:17','北京市','北京市',116.40387397,39.91488908,NULL,NULL),
(1266,'admin','101.229.233.40','2016-07-21 16:59:35','上海市','上海市',121.48789949,31.24916171,NULL,NULL),
(1267,'admin','218.17.253.194','2016-07-21 16:59:41','广东省','深圳市',114.02597366,22.54605355,NULL,NULL),
(1268,'admin','61.158.17.95','2016-07-21 16:59:45','黑龙江省','绥化市',126.98909457,46.64606393,NULL,NULL),
(1269,'admin','116.216.5.11','2016-07-21 16:59:51','湖北省','武汉市',114.31620010,30.58108413,NULL,NULL),
(1270,'admin','106.114.26.248','2016-07-21 17:00:00','河北省','石家庄市',114.52208184,38.04895831,NULL,NULL),
(1271,'admin','123.57.11.79','2016-07-21 17:00:09','浙江省','杭州市',120.21937542,30.25924446,NULL,NULL),
(1272,'admin','61.135.194.168','2016-07-21 17:01:01','北京市','北京市',116.40387397,39.91488908,NULL,NULL),
(1273,'admin','210.56.193.18','2016-07-21 17:01:20','北京市','北京市',116.40387397,39.91488908,NULL,NULL),
(1274,'admin','115.53.116.33','2016-07-21 17:02:05','河南省','许昌市',113.83531246,34.02673959,NULL,NULL),
(1275,'admin','114.80.124.198','2016-07-21 17:02:20','上海市','上海市',121.48789949,31.24916171,NULL,NULL),
(1276,'admin','219.140.154.76','2016-07-21 17:04:43','湖北省','武汉市',114.31620010,30.58108413,NULL,NULL),
(1277,'admin','116.231.87.173','2016-07-21 17:08:07','上海市','上海市',121.48789949,31.24916171,NULL,NULL),
(1278,'admin','116.231.87.173','2016-07-21 17:08:22','上海市','上海市',121.48789949,31.24916171,NULL,NULL),
(1279,'admin','61.135.194.168','2016-07-21 17:08:53','北京市','北京市',116.40387397,39.91488908,NULL,NULL),
(1280,'admin','218.249.50.83','2016-07-21 17:10:08','北京市','北京市',116.40387397,39.91488908,NULL,NULL),
(1281,'admin','116.231.236.221','2016-07-21 17:10:13','上海市','上海市',121.48789949,31.24916171,NULL,NULL),
(1282,'admin','218.249.50.83','2016-07-21 17:11:07','北京市','北京市',116.40387397,39.91488908,NULL,NULL),
(1283,'admin','220.160.125.218','2016-07-21 17:11:09','福建省','厦门市',118.10388605,24.48923061,NULL,NULL),
(1284,'admin','223.104.5.236','2016-07-21 17:11:14','上海市','上海市',121.48789949,31.24916171,NULL,NULL),
(1285,'admin','220.160.125.218','2016-07-21 17:11:24','福建省','厦门市',118.10388605,24.48923061,NULL,NULL),
(1286,'admin','61.135.194.168','2016-07-21 17:11:36','北京市','北京市',116.40387397,39.91488908,NULL,NULL),
(1287,'admin','222.168.20.34','2016-07-21 17:12:46','吉林省','长春市',125.31364243,43.89833761,NULL,NULL),
(1288,'admin','106.38.227.170','2016-07-21 17:13:43','北京市','北京市',116.40387397,39.91488908,NULL,NULL),
(1289,'admin','36.110.59.42','2016-07-21 17:14:34','北京市','北京市',116.40387397,39.91488908,NULL,NULL),
(1290,'admin','111.113.70.26','2016-07-21 17:14:54','宁夏回族自治区','银川市',106.20647861,38.50262101,NULL,NULL),
(1291,'admin','111.113.70.26','2016-07-21 17:15:04','宁夏回族自治区','银川市',106.20647861,38.50262101,NULL,NULL),
(1292,'admin','118.144.130.74','2016-07-21 17:15:17','北京市','北京市',116.40387397,39.91488908,NULL,NULL),
(1293,'admin','101.254.182.62','2016-07-21 17:21:19','北京市','北京市',116.40387397,39.91488908,NULL,NULL),
(1294,'admin','106.38.227.170','2016-07-21 17:23:15','北京市','北京市',116.40387397,39.91488908,NULL,NULL),
(1295,'admin','221.3.238.27','2016-07-21 17:36:20','云南省','曲靖市',103.78253889,25.52075814,NULL,NULL),
(1296,'admin','61.135.194.168','2016-07-21 17:43:48','北京市','北京市',116.40387397,39.91488908,NULL,NULL),
(1297,'admin','222.68.177.138','2016-07-21 17:50:29','上海市','上海市',121.48789949,31.24916171,NULL,NULL),
(1298,'admin','114.243.161.31','2016-07-21 17:53:37','北京市','北京市',116.40387397,39.91488908,NULL,NULL),
(1299,'super','61.135.194.168','2016-07-21 18:05:42','北京市','北京市',116.40387397,39.91488908,NULL,NULL),
(1300,'admin','59.42.129.93','2016-07-21 18:13:55','广东省','广州市',113.30764968,23.12004910,NULL,NULL),
(1301,'admin','61.135.194.168','2016-07-21 20:46:12','北京市','北京市',116.40387397,39.91488908,NULL,NULL),
(1302,'admin','39.167.193.140','2016-07-21 20:46:54','北京市','北京市',116.40387397,39.91488908,NULL,NULL),
(1303,'admin','112.81.187.222','2016-07-21 20:46:55','北京市','北京市',116.40387397,39.91488908,NULL,NULL),
(1304,'admin','101.93.38.82','2016-07-21 20:47:02','北京市','北京市',116.40387397,39.91488908,NULL,NULL),
(1305,'admin','221.219.108.249','2016-07-21 20:47:14','北京市','北京市',116.40387397,39.91488908,NULL,NULL),
(1306,'admin','14.124.111.184','2016-07-21 20:52:05','北京市','北京市',116.40387397,39.91488908,NULL,NULL),
(1307,'admin','14.124.111.184','2016-07-21 20:52:22','北京市','北京市',116.40387397,39.91488908,NULL,NULL),
(1308,'admin','112.81.187.222','2016-07-21 20:54:11','北京市','北京市',116.40387397,39.91488908,NULL,NULL),
(1309,'admin','60.12.65.34','2016-07-21 20:55:03','北京市','北京市',116.40387397,39.91488908,NULL,NULL),
(1310,'admin','124.65.96.198','2016-07-21 20:57:23','北京市','北京市',116.40387397,39.91488908,NULL,NULL),
(1311,'admin','124.65.96.198','2016-07-21 20:57:37','北京市','北京市',116.40387397,39.91488908,NULL,NULL),
(1312,'admin','61.135.194.168','2016-07-21 21:02:19','北京市','北京市',116.40387397,39.91488908,NULL,NULL),
(1313,'admin','222.130.165.141','2016-07-21 21:10:03','北京市','北京市',116.40387397,39.91488908,NULL,NULL),
(1314,'admin','60.195.40.118','2016-07-21 21:19:01','北京市','北京市',116.40387397,39.91488908,NULL,NULL),
(1315,'admin','182.148.58.233','2016-07-22 23:01:35','北京市','北京市',116.40387397,39.91488908,NULL,NULL),
(1316,'admin','182.148.58.233','2016-07-22 23:01:48','北京市','北京市',116.40387397,39.91488908,NULL,NULL),
(1317,'admin','114.111.166.87','2016-07-22 23:48:30','北京市','北京市',116.40387397,39.91488908,NULL,NULL),
(1318,'admin','120.52.24.25','2016-07-25 13:36:36','北京市','北京市',116.40387397,39.91488908,NULL,NULL),
(1319,'admin','58.40.17.85','2016-07-25 13:37:30','上海市','上海市',121.48789949,31.24916171,NULL,NULL),
(1320,'admin','113.128.58.232','2016-07-25 13:37:45','山东省','济南市',117.02496707,36.68278473,NULL,NULL),
(1321,'admin','114.249.208.253','2016-07-25 13:39:46','北京市','北京市',116.40387397,39.91488908,NULL,NULL),
(1322,'admin','202.96.41.3','2016-07-25 13:40:14','北京市','北京市',116.40387397,39.91488908,NULL,NULL),
(1323,'admin','14.124.105.160','2016-07-25 13:40:36','广东省','广州市',113.30764968,23.12004910,NULL,NULL),
(1324,'admin','219.137.137.117','2016-07-25 13:41:00','广东省','广州市',113.30764968,23.12004910,NULL,NULL),
(1325,'admin','14.124.105.160','2016-07-25 13:41:14','广东省','广州市',113.30764968,23.12004910,NULL,NULL),
(1326,'admin','112.123.252.120','2016-07-25 13:41:54','安徽省','池州市',117.49447677,30.66001925,NULL,NULL),
(1327,'admin','101.81.122.226','2016-07-25 13:43:53','上海市','上海市',121.48789949,31.24916171,NULL,NULL),
(1328,'admin','36.110.49.90','2016-07-25 13:44:00','北京市','北京市',116.40387397,39.91488908,NULL,NULL),
(1329,'admin','1.81.64.6','2016-07-25 13:47:52','陕西省','西安市',108.95309828,34.27779990,NULL,NULL),
(1330,'admin','60.208.20.226','2016-07-25 13:49:16','山东省','济南市',117.02496707,36.68278473,NULL,NULL),
(1331,'admin','14.124.105.160','2016-07-25 13:50:51','广东省','广州市',113.30764968,23.12004910,NULL,NULL),
(1332,'admin','113.128.58.232','2016-07-25 14:01:34','山东省','济南市',117.02496707,36.68278473,NULL,NULL),
(1333,'admin','116.228.89.242','2016-07-25 14:21:07','上海市','上海市',121.48789949,31.24916171,NULL,NULL),
(1334,'admin','123.138.115.40','2016-07-25 14:21:08','陕西省','西安市',108.95309828,34.27779990,NULL,NULL),
(1335,'admin','113.109.215.21','2016-07-25 14:21:14','广东省','广州市',113.30764968,23.12004910,NULL,NULL),
(1336,'admin','101.254.182.34','2016-07-25 14:22:51','北京市','北京市',116.40387397,39.91488908,NULL,NULL),
(1337,'admin','223.223.199.150','2016-07-25 14:22:57','北京市','北京市',116.40387397,39.91488908,NULL,NULL),
(1338,'admin','124.127.78.85','2016-07-25 14:23:13','北京市','北京市',116.40387397,39.91488908,NULL,NULL),
(1339,'admin','106.2.179.90','2016-07-25 14:23:49','北京市','北京市',116.40387397,39.91488908,NULL,NULL),
(1340,'admin','171.11.1.108','2016-07-25 14:24:00','河南省','',113.48680406,34.15718377,NULL,NULL),
(1341,'admin','171.11.1.108','2016-07-25 14:24:23','河南省','',113.48680406,34.15718377,NULL,NULL),
(1342,'admin','1.119.6.38','2016-07-25 14:25:38','北京市','北京市',116.40387397,39.91488908,NULL,NULL),
(1343,'admin','61.242.59.171','2016-07-25 14:26:42','广东省','广州市',113.30764968,23.12004910,NULL,NULL),
(1344,'admin','222.128.181.219','2016-07-25 14:26:44','北京市','北京市',116.40387397,39.91488908,NULL,NULL),
(1345,'admin','124.127.125.93','2016-07-25 14:28:25','北京市','北京市',116.40387397,39.91488908,NULL,NULL),
(1346,'admin','112.96.173.118','2016-07-25 14:29:26','广东省','广州市',113.30764968,23.12004910,NULL,NULL),
(1347,'admin','123.126.109.220','2016-07-25 14:33:38','北京市','北京市',116.40387397,39.91488908,NULL,NULL),
(1348,'admin','10.113.151.55','2016-07-25 14:35:25',NULL,NULL,NULL,NULL,NULL,NULL),
(1349,'admin','223.72.236.67','2016-07-25 14:41:25','北京市','北京市',116.40387397,39.91488908,NULL,NULL),
(1350,'admin','211.97.129.213','2016-07-25 14:54:35','福建省','厦门市',118.10388605,24.48923061,NULL,NULL),
(1351,'admin','121.231.143.45','2016-07-25 15:08:33','江苏省','常州市',119.98186101,31.77139674,NULL,NULL),
(1352,'admin','124.205.39.138','2016-07-25 15:11:55','北京市','北京市',116.40387397,39.91488908,NULL,NULL),
(1353,'admin','124.205.39.138','2016-07-25 15:14:07','北京市','北京市',116.40387397,39.91488908,NULL,NULL),
(1354,'admin','218.88.124.226','2016-07-25 15:31:21','四川省','成都市',104.06792346,30.67994285,NULL,NULL),
(1355,'admin','218.88.124.226','2016-07-25 16:03:23','四川省','成都市',104.06792346,30.67994285,NULL,NULL),
(1356,'admin','60.28.18.208','2016-07-25 16:11:49','北京市','北京市',116.40387397,39.91488908,NULL,NULL),
(1357,'admin','58.67.148.225','2016-07-25 16:25:38','广东省','广州市',113.30764968,23.12004910,NULL,NULL),
(1358,'admin','42.81.35.170','2016-07-25 16:48:15','吉林省','长春市',125.31364243,43.89833761,NULL,NULL),
(1359,'admin','223.104.3.131','2016-07-25 17:07:43','北京市','北京市',116.40387397,39.91488908,NULL,NULL),
(1360,'admin','114.111.167.231','2016-07-25 17:11:53','北京市','北京市',116.40387397,39.91488908,NULL,NULL),
(1361,'admin','58.56.183.70','2016-07-25 17:26:19','山东省','青岛市',120.38442818,36.10521490,NULL,NULL),
(1362,'admin','120.52.24.25','2016-07-25 17:32:03','北京市','北京市',116.40387397,39.91488908,NULL,NULL),
(1363,'admin','114.249.208.253','2016-07-25 17:32:05','北京市','北京市',116.40387397,39.91488908,NULL,NULL),
(1364,'admin','123.139.24.58','2016-07-25 17:47:02','陕西省','西安市',108.95309828,34.27779990,NULL,NULL),
(1365,'admin','114.111.167.231','2016-07-25 17:51:45','北京市','北京市',116.40387397,39.91488908,NULL,NULL),
(1366,'admin','111.50.79.4','2016-07-25 17:51:55','宁夏回族自治区','银川市',106.20647861,38.50262101,NULL,NULL),
(1367,'admin','114.111.167.231','2016-07-25 17:51:57','北京市','北京市',116.40387397,39.91488908,NULL,NULL),
(1368,'admin','112.80.55.150','2016-07-25 18:02:22','江苏省','苏州市',120.61990712,31.31798737,NULL,NULL),
(1369,'admin','210.32.120.108','2016-07-25 18:03:40','浙江省','杭州市',120.21937542,30.25924446,NULL,NULL),
(1370,'admin','116.231.224.17','2016-07-25 18:23:53','上海市','上海市',121.48789949,31.24916171,NULL,NULL),
(1371,'admin','124.205.63.13','2016-07-26 09:15:47','北京市','北京市',116.40387397,39.91488908,NULL,NULL),
(1372,'admin','124.205.63.13','2016-07-26 09:16:59','北京市','北京市',116.40387397,39.91488908,NULL,NULL),
(1373,'admin','114.253.242.248','2016-07-26 09:45:53','北京市','北京市',116.40387397,39.91488908,NULL,NULL),
(1374,'admin','180.169.33.113','2016-07-26 10:29:39','上海市','上海市',121.48789949,31.24916171,NULL,NULL),
(1375,'admin','180.169.33.113','2016-07-26 10:29:48','上海市','上海市',121.48789949,31.24916171,NULL,NULL),
(1376,'admin','14.124.111.140','2016-07-26 10:49:37','广东省','广州市',113.30764968,23.12004910,NULL,NULL),
(1377,'admin','14.124.111.140','2016-07-26 10:49:46','广东省','广州市',113.30764968,23.12004910,NULL,NULL),
(1378,'admin','123.85.178.60','2016-07-26 10:56:47','湖北省','襄阳市',112.17632580,32.09493365,NULL,NULL),
(1379,'admin','123.85.178.60','2016-07-26 10:56:57','湖北省','襄阳市',112.17632580,32.09493365,NULL,NULL),
(1380,'admin','124.65.147.178','2016-07-26 11:11:45','北京市','北京市',116.40387397,39.91488908,NULL,NULL),
(1381,'admin','218.5.70.170','2016-07-26 11:26:23','福建省','厦门市',118.10388605,24.48923061,NULL,NULL),
(1382,'admin','120.41.127.245','2016-07-26 11:26:32','福建省','厦门市',118.10388605,24.48923061,NULL,NULL),
(1383,'admin','182.87.125.172','2016-07-26 11:30:47','江西省','赣州市',114.93590908,25.84529554,NULL,NULL),
(1384,'admin','120.41.127.245','2016-07-26 11:32:00','福建省','厦门市',118.10388605,24.48923061,NULL,NULL),
(1385,'admin','218.5.70.170','2016-07-26 11:32:03','福建省','厦门市',118.10388605,24.48923061,NULL,NULL),
(1386,'admin','58.218.250.42','2016-07-26 11:44:13','江苏省','徐州市',117.18810662,34.27155343,NULL,NULL),
(1387,'admin','58.218.250.42','2016-07-26 11:44:33','江苏省','徐州市',117.18810662,34.27155343,NULL,NULL),
(1388,'admin','58.218.250.42','2016-07-26 11:44:47','江苏省','徐州市',117.18810662,34.27155343,NULL,NULL),
(1389,'admin','124.65.147.178','2016-07-26 11:46:36','北京市','北京市',116.40387397,39.91488908,NULL,NULL),
(1390,'admin','124.65.147.178','2016-07-26 11:46:46','北京市','北京市',116.40387397,39.91488908,NULL,NULL),
(1391,'admin','123.85.178.60','2016-07-26 15:37:45','湖北省','襄阳市',112.17632580,32.09493365,NULL,NULL),
(1392,'admin','123.85.178.60','2016-07-26 15:37:50','湖北省','襄阳市',112.17632580,32.09493365,NULL,NULL),
(1393,'admin','106.2.179.90','2016-07-26 17:00:21','北京市','北京市',116.40387397,39.91488908,NULL,NULL),
(1394,'admin','101.254.166.184','2016-07-26 17:59:34','北京市','北京市',116.40387397,39.91488908,NULL,NULL),
(1395,'admin','116.231.38.126','2016-07-26 18:06:52','上海市','上海市',121.48789949,31.24916171,NULL,NULL),
(1396,'admin','14.124.111.140','2016-07-26 19:47:04','广东省','广州市',113.30764968,23.12004910,NULL,NULL),
(1397,'admin','14.124.111.140','2016-07-26 19:47:30','广东省','广州市',113.30764968,23.12004910,NULL,NULL),
(1398,'admin','14.124.111.140','2016-07-26 19:56:25','广东省','广州市',113.30764968,23.12004910,NULL,NULL),
(1399,'admin','14.124.111.140','2016-07-26 19:56:32','广东省','广州市',113.30764968,23.12004910,NULL,NULL),
(1400,'admin','101.93.42.120','2016-07-26 21:11:29','上海市','上海市',121.48789949,31.24916171,NULL,NULL),
(1401,'admin','123.85.178.60','2016-07-27 09:17:32','湖北省','襄阳市',112.17632580,32.09493365,NULL,NULL),
(1402,'admin','123.85.178.60','2016-07-27 09:17:40','湖北省','襄阳市',112.17632580,32.09493365,NULL,NULL),
(1403,'admin','123.85.178.60','2016-07-27 09:31:43','湖北省','襄阳市',112.17632580,32.09493365,NULL,NULL),
(1404,'admin','123.85.178.60','2016-07-27 09:31:56','湖北省','襄阳市',112.17632580,32.09493365,NULL,NULL),
(1405,'admin','120.52.24.25','2016-07-27 09:42:50','北京市','北京市',116.40387397,39.91488908,NULL,NULL),
(1406,'admin','118.26.73.2','2016-07-27 09:46:21','北京市','北京市',116.40387397,39.91488908,NULL,NULL),
(1407,'admin','106.2.179.90','2016-07-27 09:46:28','北京市','北京市',116.40387397,39.91488908,NULL,NULL),
(1408,'admin','222.133.2.186','2016-07-27 09:57:53','山东省','德州市',116.32816136,37.46082593,NULL,NULL),
(1409,'admin','42.248.34.153','2016-07-27 10:02:43','辽宁省','大连市',121.59347778,38.94870994,NULL,NULL),
(1410,'admin','42.248.34.153','2016-07-27 10:03:39','辽宁省','大连市',121.59347778,38.94870994,NULL,NULL),
(1411,'admin','218.88.127.222','2016-07-27 10:06:20','四川省','成都市',104.06792346,30.67994285,NULL,NULL),
(1412,'admin','223.104.3.199','2016-07-27 10:06:29','北京市','北京市',116.40387397,39.91488908,NULL,NULL),
(1413,'admin','202.96.41.3','2016-07-27 10:07:29','北京市','北京市',116.40387397,39.91488908,NULL,NULL),
(1414,'admin','202.96.41.3','2016-07-27 10:07:49','北京市','北京市',116.40387397,39.91488908,NULL,NULL),
(1415,'admin','14.215.56.38','2016-07-27 10:10:25','广东省','佛山市',113.13402564,23.03509484,NULL,NULL),
(1416,'admin','14.215.56.38','2016-07-27 10:10:43','广东省','佛山市',113.13402564,23.03509484,NULL,NULL),
(1417,'admin','202.96.41.3','2016-07-27 10:10:45','北京市','北京市',116.40387397,39.91488908,NULL,NULL),
(1418,'admin','202.96.41.3','2016-07-27 10:12:11','北京市','北京市',116.40387397,39.91488908,NULL,NULL),
(1419,'admin','183.160.223.13','2016-07-27 10:12:44','安徽省','合肥市',117.28269909,31.86694226,NULL,NULL),
(1420,'admin','183.160.223.13','2016-07-27 10:12:58','安徽省','合肥市',117.28269909,31.86694226,NULL,NULL),
(1421,'admin','202.96.41.12','2016-07-27 10:15:56','北京市','北京市',116.40387397,39.91488908,NULL,NULL),
(1422,'admin','139.213.164.144','2016-07-27 10:15:58','吉林省','松原市',124.83299453,45.13604897,NULL,NULL),
(1423,'admin','183.156.114.99','2016-07-27 10:18:04','浙江省','杭州市',120.21937542,30.25924446,NULL,NULL),
(1424,'admin','183.156.114.99','2016-07-27 10:18:15','浙江省','杭州市',120.21937542,30.25924446,NULL,NULL),
(1425,'admin','183.217.21.33','2016-07-27 10:20:29','江西省','南昌市',115.89352755,28.68957800,NULL,NULL),
(1426,'admin','223.71.183.66','2016-07-27 10:20:34','北京市','北京市',116.40387397,39.91488908,NULL,NULL),
(1427,'admin','183.156.114.99','2016-07-27 10:21:16','浙江省','杭州市',120.21937542,30.25924446,NULL,NULL),
(1428,'super','120.52.24.25','2016-07-27 11:35:59','北京市','北京市',116.40387397,39.91488908,NULL,NULL),
(1429,'super','123.85.178.60','2016-07-27 11:38:04','湖北省','襄阳市',112.17632580,32.09493365,NULL,NULL),
(1430,'super','113.208.136.18','2016-07-27 11:38:05','北京市','北京市',116.40387397,39.91488908,NULL,NULL),
(1431,'super','123.85.178.60','2016-07-27 11:41:27','湖北省','襄阳市',112.17632580,32.09493365,NULL,NULL),
(1432,'super','115.198.138.52','2016-07-27 11:45:30','浙江省','杭州市',120.21937542,30.25924446,NULL,NULL),
(1433,'super','117.114.129.202','2016-07-27 12:15:16','北京市','北京市',116.40387397,39.91488908,NULL,NULL),
(1434,'super','121.79.130.137','2016-07-27 12:36:03','北京市','北京市',116.40387397,39.91488908,NULL,NULL),
(1435,'super','123.85.178.60','2016-07-27 12:48:42','湖北省','襄阳市',112.17632580,32.09493365,NULL,NULL),
(1436,'super','123.85.178.60','2016-07-27 12:48:47','湖北省','襄阳市',112.17632580,32.09493365,NULL,NULL),
(1437,'super','120.52.24.25','2016-07-27 13:45:32','北京市','北京市',116.40387397,39.91488908,NULL,NULL),
(1438,'super','116.228.236.86','2016-07-27 14:09:37','上海市','上海市',121.48789949,31.24916171,NULL,NULL),
(1439,'super','124.238.116.10','2016-07-27 14:09:53','河北省','沧州市',116.86380648,38.29761535,NULL,NULL),
(1440,'super','183.15.252.4','2016-07-27 14:09:58','广东省','深圳市',114.02597366,22.54605355,NULL,NULL),
(1441,'super','223.81.193.151','2016-07-27 14:10:48','山东省','青岛市',120.38442818,36.10521490,NULL,NULL),
(1442,'super','124.228.217.213','2016-07-27 14:11:01','湖南省','衡阳市',112.58381881,26.89816442,NULL,NULL),
(1443,'super','14.124.108.181','2016-07-27 14:12:04','广东省','广州市',113.30764968,23.12004910,NULL,NULL),
(1444,'super','183.15.252.4','2016-07-27 14:12:35','广东省','深圳市',114.02597366,22.54605355,NULL,NULL),
(1445,'super','117.149.14.100','2016-07-27 14:14:47','浙江省','杭州市',120.21937542,30.25924446,NULL,NULL),
(1446,'super','183.15.252.4','2016-07-27 14:16:51','广东省','深圳市',114.02597366,22.54605355,NULL,NULL),
(1447,'super','14.124.108.181','2016-07-27 14:21:19','广东省','广州市',113.30764968,23.12004910,NULL,NULL),
(1448,'super','202.85.220.38','2016-07-27 14:22:29','北京市','北京市',116.40387397,39.91488908,NULL,NULL),
(1449,'super','220.160.125.218','2016-07-27 14:37:21','福建省','厦门市',118.10388605,24.48923061,NULL,NULL),
(1450,'admin','61.51.95.246','2016-07-27 14:40:23','北京市','北京市',116.40387397,39.91488908,NULL,NULL),
(1451,'super','180.169.33.113','2016-07-27 14:45:42','上海市','上海市',121.48789949,31.24916171,NULL,NULL),
(1452,'super','117.114.133.10','2016-07-27 15:02:44','北京市','北京市',116.40387397,39.91488908,NULL,NULL),
(1453,'super','218.89.109.226','2016-07-27 15:18:37','四川省','攀枝花市',101.72242315,26.58757126,NULL,NULL),
(1454,'super','123.85.178.60','2016-07-27 15:57:55','湖北省','襄阳市',112.17632580,32.09493365,NULL,NULL),
(1455,'super','123.85.178.60','2016-07-27 15:58:00','湖北省','襄阳市',112.17632580,32.09493365,NULL,NULL),
(1456,'super','14.124.108.181','2016-07-27 16:19:50','广东省','广州市',113.30764968,23.12004910,NULL,NULL),
(1457,'super','120.52.24.25','2016-07-27 17:33:01','北京市','北京市',116.40387397,39.91488908,NULL,NULL),
(1458,'super','112.26.236.14','2016-07-27 18:29:06','安徽省','池州市',117.49447677,30.66001925,NULL,NULL),
(1459,'super','180.158.243.2','2016-07-27 21:27:06','上海市','上海市',121.48789949,31.24916171,NULL,NULL),
(1460,'super','117.114.147.136','2016-07-27 21:44:45','北京市','北京市',116.40387397,39.91488908,NULL,NULL),
(1461,'super','123.112.237.53','2016-07-27 22:41:54','北京市','北京市',116.40387397,39.91488908,NULL,NULL),
(1462,'super','123.112.237.53','2016-07-27 22:42:13','北京市','北京市',116.40387397,39.91488908,NULL,NULL),
(1463,'super','123.85.178.60','2016-07-28 10:09:21','湖北省','襄阳市',112.17632580,32.09493365,NULL,NULL),
(1464,'super','123.85.178.60','2016-07-28 10:09:25','湖北省','襄阳市',112.17632580,32.09493365,NULL,NULL),
(1465,'super','123.125.26.230','2016-07-28 10:27:47','北京市','北京市',116.40387397,39.91488908,NULL,NULL),
(1466,'super','118.194.244.123','2016-07-28 10:28:43','北京市','北京市',116.40387397,39.91488908,NULL,NULL),
(1467,'super','106.37.180.82','2016-07-28 10:31:37','北京市','北京市',116.40387397,39.91488908,NULL,NULL),
(1468,'super','120.52.24.25','2016-07-28 11:04:50','北京市','北京市',116.40387397,39.91488908,NULL,NULL),
(1469,'super','120.52.24.25','2016-07-28 13:53:54','北京市','北京市',116.40387397,39.91488908,NULL,NULL),
(1470,'super','61.48.46.244','2016-07-28 14:20:24','北京市','北京市',116.40387397,39.91488908,NULL,NULL),
(1471,'super','120.52.24.29','2016-07-28 17:06:26','北京市','北京市',116.40387397,39.91488908,NULL,NULL),
(1472,'admin','120.52.24.29','2016-07-28 17:08:48','北京市','北京市',116.40387397,39.91488908,NULL,NULL),
(1473,'admin','121.22.254.123','2016-07-28 17:12:10','北京市','北京市',116.40387397,39.91488908,NULL,NULL),
(1474,'admin','106.2.219.210','2016-07-28 17:12:34','北京市','北京市',116.40387397,39.91488908,NULL,NULL),
(1475,'admin','221.239.96.186','2016-07-28 17:16:14','天津市','天津市',117.21081309,39.14392990,NULL,NULL),
(1476,'admin','101.68.101.216','2016-07-28 17:24:47','浙江省','杭州市',120.21937542,30.25924446,NULL,NULL),
(1477,'admin','101.68.101.216','2016-07-28 17:25:03','浙江省','杭州市',120.21937542,30.25924446,NULL,NULL),
(1478,'admin','223.72.89.133','2016-07-28 18:15:15','北京市','北京市',116.40387397,39.91488908,NULL,NULL),
(1479,'admin','101.81.115.184','2016-07-28 18:27:37','上海市','上海市',121.48789949,31.24916171,NULL,NULL),
(1480,'admin','123.57.11.79','2016-07-28 18:28:39','浙江省','杭州市',120.21937542,30.25924446,NULL,NULL),
(1481,'admin','101.81.21.212','2016-07-28 18:28:46','上海市','上海市',121.48789949,31.24916171,NULL,NULL),
(1482,'admin','171.8.64.150','2016-07-28 18:28:51','河南省','郑州市',113.64964385,34.75661006,NULL,NULL),
(1483,'admin','116.236.254.70','2016-07-28 18:29:03','上海市','上海市',121.48789949,31.24916171,NULL,NULL),
(1484,'admin','124.65.136.186','2016-07-28 18:29:21','北京市','北京市',116.40387397,39.91488908,NULL,NULL),
(1485,'admin','183.62.60.90','2016-07-28 18:30:02','广东省','广州市',113.30764968,23.12004910,NULL,NULL),
(1486,'admin','118.122.122.192','2016-07-28 18:30:16','四川省','成都市',104.06792346,30.67994285,NULL,NULL),
(1487,'admin','27.155.152.38','2016-07-28 18:39:24','福建省','福州市',119.33022111,26.04712550,NULL,NULL),
(1488,'admin','117.136.94.72','2016-07-28 18:50:21','山东省','济南市',117.02496707,36.68278473,NULL,NULL),
(1489,'admin','222.128.179.112','2016-07-28 20:42:34','北京市','北京市',116.40387397,39.91488908,NULL,NULL),
(1490,'admin','117.114.133.10','2016-07-29 09:19:33','北京市','北京市',116.40387397,39.91488908,NULL,NULL),
(1491,'admin','123.85.178.60','2016-07-29 09:59:24','湖北省','襄阳市',112.17632580,32.09493365,NULL,NULL),
(1492,'admin','123.85.178.60','2016-07-29 09:59:33','湖北省','襄阳市',112.17632580,32.09493365,NULL,NULL),
(1493,'admin','123.85.178.60','2016-07-29 10:33:49','湖北省','襄阳市',112.17632580,32.09493365,NULL,NULL),
(1494,'admin','120.52.24.29','2016-07-29 10:34:05','北京市','北京市',116.40387397,39.91488908,NULL,NULL),
(1495,'admin','14.124.110.166','2016-07-29 11:43:50','广东省','广州市',113.30764968,23.12004910,NULL,NULL),
(1496,'admin','14.124.110.166','2016-07-29 11:44:01','广东省','广州市',113.30764968,23.12004910,NULL,NULL),
(1497,'admin','115.197.141.117','2016-07-29 13:46:53','浙江省','杭州市',120.21937542,30.25924446,NULL,NULL),
(1498,'admin','115.197.141.117','2016-07-29 13:47:10','浙江省','杭州市',120.21937542,30.25924446,NULL,NULL),
(1499,'admin','103.31.151.230','2016-07-29 14:27:16','北京市','北京市',116.40387397,39.91488908,NULL,NULL),
(1500,'admin','123.85.178.60','2016-07-29 15:47:01','湖北省','襄阳市',112.17632580,32.09493365,NULL,NULL),
(1501,'super','218.89.109.226','2016-07-29 16:22:59','四川省','攀枝花市',101.72242315,26.58757126,NULL,NULL),
(1502,'admin','221.239.96.186','2016-07-29 17:44:02','天津市','天津市',117.21081309,39.14392990,NULL,NULL),
(1503,'admin','183.16.7.4','2016-07-29 17:44:38','广东省','深圳市',114.02597366,22.54605355,NULL,NULL),
(1504,'admin','60.206.230.32','2016-07-30 20:05:57','北京市','北京市',116.40387397,39.91488908,NULL,NULL),
(1505,'admin','157.61.129.218','2016-08-01 09:07:33','广东省','汕头市',116.72865029,23.38390845,NULL,NULL),
(1506,'admin','157.61.129.218','2016-08-01 09:07:46','广东省','汕头市',116.72865029,23.38390845,NULL,NULL),
(1507,'admin','120.52.24.29','2016-08-01 09:41:55','北京市','北京市',116.40387397,39.91488908,NULL,NULL),
(1508,'admin','218.65.95.159','2016-08-01 11:56:56','江西省','南昌市',115.89352755,28.68957800,NULL,NULL),
(1509,'admin','218.65.95.159','2016-08-01 11:57:19','江西省','南昌市',115.89352755,28.68957800,NULL,NULL),
(1510,'admin','222.178.228.84','2016-08-01 13:09:05','重庆市','重庆市',106.53063501,29.54460611,NULL,NULL),
(1511,'admin','114.255.222.123','2016-08-01 13:09:51','北京市','北京市',116.40387397,39.91488908,NULL,NULL),
(1512,'admin','121.69.128.67','2016-08-01 13:11:25','北京市','北京市',116.40387397,39.91488908,NULL,NULL),
(1513,'admin','117.136.38.37','2016-08-01 13:12:57','北京市','北京市',116.40387397,39.91488908,NULL,NULL),
(1514,'admin','106.120.29.121','2016-08-01 13:25:12','北京市','北京市',116.40387397,39.91488908,NULL,NULL),
(1515,'admin','110.240.63.187','2016-08-01 13:29:51','河北省','石家庄市',114.52208184,38.04895831,NULL,NULL),
(1516,'admin','175.11.157.18','2016-08-01 13:36:01','湖南省','长沙市',112.97935279,28.21347823,NULL,NULL),
(1517,'admin','115.53.114.216','2016-08-01 13:37:24','河南省','许昌市',113.83531246,34.02673959,NULL,NULL),
(1518,'admin','218.1.18.114','2016-08-01 13:41:18','上海市','上海市',121.48789949,31.24916171,NULL,NULL),
(1519,'admin','119.57.167.218','2016-08-01 13:46:08','北京市','北京市',116.40387397,39.91488908,NULL,NULL),
(1520,'admin','211.100.31.28','2016-08-01 14:01:36','北京市','北京市',116.40387397,39.91488908,NULL,NULL),
(1521,'admin','211.100.31.28','2016-08-01 14:07:52','北京市','北京市',116.40387397,39.91488908,NULL,NULL),
(1522,'admin','211.100.31.28','2016-08-01 14:15:53','北京市','北京市',116.40387397,39.91488908,NULL,NULL),
(1523,'admin','60.247.90.178','2016-08-01 14:55:56','北京市','北京市',116.40387397,39.91488908,NULL,NULL),
(1524,'admin','221.130.253.135','2016-08-01 15:26:44','北京市','北京市',116.40387397,39.91488908,NULL,NULL),
(1525,'admin','221.130.253.135','2016-08-01 15:27:02','北京市','北京市',116.40387397,39.91488908,NULL,NULL),
(1526,'admin','222.128.105.44','2016-08-01 15:28:25','北京市','北京市',116.40387397,39.91488908,NULL,NULL),
(1527,'admin','218.62.16.155','2016-08-01 16:54:27','吉林省','长春市',125.31364243,43.89833761,NULL,NULL),
(1528,'super','61.135.194.170','2016-08-04 15:16:14','北京市','北京市',116.40387397,39.91488908,NULL,NULL),
(1529,'super','124.65.118.126','2016-08-04 15:16:15','北京市','北京市',116.40387397,39.91488908,NULL,NULL),
(1530,'super','106.39.123.226','2016-08-04 15:16:33','北京市','北京市',116.40387397,39.91488908,NULL,NULL),
(1531,'super','124.65.118.126','2016-08-04 15:16:48','北京市','北京市',116.40387397,39.91488908,NULL,NULL),
(1532,'super','60.29.64.139','2016-08-04 15:18:16','天津市','天津市',117.21081309,39.14392990,NULL,NULL),
(1533,'super','163.125.74.43','2016-08-04 15:24:42','广东省','深圳市',114.02597366,22.54605355,NULL,NULL),
(1534,'admin','202.101.102.203','2016-08-04 15:27:36','福建省','福州市',119.33022111,26.04712550,NULL,NULL),
(1535,'super','106.39.123.226','2016-08-04 15:38:17','北京市','北京市',116.40387397,39.91488908,NULL,NULL),
(1536,'super','36.110.118.101','2016-08-04 19:09:41','北京市','北京市',116.40387397,39.91488908,NULL,NULL),
(1537,'super','117.151.53.161','2016-08-04 20:14:02','湖北省','武汉市',114.31620010,30.58108413,NULL,NULL),
(1538,'admin','111.30.85.212','2016-08-04 20:26:25','天津市','天津市',117.21081309,39.14392990,NULL,NULL),
(1539,'admin','111.30.85.212','2016-08-04 20:26:34','天津市','天津市',117.21081309,39.14392990,NULL,NULL),
(1540,'super','123.139.51.81','2016-08-05 01:56:54','陕西省','西安市',108.95309828,34.27779990,NULL,NULL),
(1541,'super','61.135.194.170','2016-08-05 10:13:50','北京市','北京市',116.40387397,39.91488908,NULL,NULL),
(1542,'super','218.89.185.146','2016-08-05 10:15:57','四川省','成都市',104.06792346,30.67994285,NULL,NULL),
(1543,'super','218.89.185.146','2016-08-05 10:17:01','四川省','成都市',104.06792346,30.67994285,NULL,NULL),
(1544,'super','114.111.167.235','2016-08-05 10:17:23','北京市','北京市',116.40387397,39.91488908,NULL,NULL),
(1545,'super','27.43.178.112','2016-08-05 10:20:24','广东省','揭阳市',116.37950086,23.54799947,NULL,NULL),
(1546,'super','223.79.61.67','2016-08-05 12:08:56','山东省','青岛市',120.38442818,36.10521490,NULL,NULL),
(1547,'super','114.111.167.235','2016-08-05 12:32:39','北京市','北京市',116.40387397,39.91488908,NULL,NULL),
(1548,'super','101.254.182.62','2016-08-05 13:58:35','北京市','北京市',116.40387397,39.91488908,NULL,NULL),
(1549,'super','124.65.118.126','2016-08-05 17:56:16','北京市','北京市',116.40387397,39.91488908,NULL,NULL),
(1550,'super','218.205.147.14','2016-08-05 17:56:29','北京市','北京市',116.40387397,39.91488908,NULL,NULL),
(1551,'super','211.157.145.226','2016-08-05 17:56:32','北京市','北京市',116.40387397,39.91488908,NULL,NULL),
(1552,'super','124.65.118.126','2016-08-05 17:56:34','北京市','北京市',116.40387397,39.91488908,NULL,NULL),
(1553,'super','220.197.196.207','2016-08-05 17:56:53','贵州省','贵阳市',106.70917710,26.62990674,NULL,NULL),
(1554,'super','202.85.220.38','2016-08-05 17:57:06','北京市','北京市',116.40387397,39.91488908,NULL,NULL),
(1555,'super','220.160.125.218','2016-08-05 17:57:11','福建省','厦门市',118.10388605,24.48923061,NULL,NULL),
(1556,'super','101.81.186.151','2016-08-05 17:57:35','上海市','上海市',121.48789949,31.24916171,NULL,NULL),
(1557,'super','113.87.96.66','2016-08-05 17:58:05','广东省','深圳市',114.02597366,22.54605355,NULL,NULL),
(1558,'super','106.120.21.223','2016-08-07 10:11:31','北京市','北京市',116.40387397,39.91488908,NULL,NULL),
(1559,'super','163.204.9.175','2016-08-07 10:17:18','广东省','汕头市',116.72865029,23.38390845,NULL,NULL),
(1560,'super','61.170.246.44','2016-08-07 17:16:47','上海市','上海市',121.48789949,31.24916171,NULL,NULL),
(1561,'super','116.234.93.223','2016-08-07 17:17:41','上海市','上海市',121.48789949,31.24916171,NULL,NULL),
(1562,'super','116.234.93.223','2016-08-07 17:20:16','上海市','上海市',121.48789949,31.24916171,NULL,NULL),
(1563,'super','116.234.93.223','2016-08-07 17:24:07','上海市','上海市',121.48789949,31.24916171,NULL,NULL),
(1564,'super','27.199.77.26','2016-08-07 17:26:13','山东省','济宁市',116.60079762,35.40212166,NULL,NULL),
(1565,'super','27.199.77.26','2016-08-07 17:26:32','山东省','济宁市',116.60079762,35.40212166,NULL,NULL),
(1566,'super','27.38.115.46','2016-08-07 22:10:42','广东省','深圳市',114.02597366,22.54605355,NULL,NULL),
(1567,'super','27.38.119.86','2016-08-07 22:10:56','广东省','深圳市',114.02597366,22.54605355,NULL,NULL),
(1568,'super','222.128.131.80','2016-08-07 22:14:08','北京市','北京市',116.40387397,39.91488908,NULL,NULL),
(1569,'super','222.128.131.80','2016-08-07 22:23:26','北京市','北京市',116.40387397,39.91488908,NULL,NULL),
(1570,'super','222.128.131.80','2016-08-07 22:37:04','北京市','北京市',116.40387397,39.91488908,NULL,NULL),
(1571,'super','123.127.3.26','2016-08-08 10:19:38','北京市','北京市',116.40387397,39.91488908,NULL,NULL),
(1572,'super','123.127.3.26','2016-08-08 10:19:55','北京市','北京市',116.40387397,39.91488908,NULL,NULL),
(1573,'super','120.52.24.28','2016-08-08 11:09:43','北京市','北京市',116.40387397,39.91488908,NULL,NULL),
(1574,'super','23.83.238.118','2016-08-08 11:14:10',NULL,NULL,NULL,NULL,NULL,NULL),
(1575,'super','124.65.143.22','2016-08-08 11:14:10','北京市','北京市',116.40387397,39.91488908,NULL,NULL),
(1576,'super','14.124.107.7','2016-08-08 11:15:21','广东省','广州市',113.30764968,23.12004910,NULL,NULL),
(1577,'super','221.207.36.3','2016-08-08 11:16:07','青海省','西宁市',101.76792099,36.64073861,NULL,NULL),
(1578,'super','218.6.169.95','2016-08-08 11:17:44','四川省','成都市',104.06792346,30.67994285,NULL,NULL),
(1579,'super','180.169.33.113','2016-08-08 11:22:26','上海市','上海市',121.48789949,31.24916171,NULL,NULL),
(1580,'super','124.65.143.22','2016-08-08 11:23:39','北京市','北京市',116.40387397,39.91488908,NULL,NULL),
(1581,'super','180.126.20.144','2016-08-08 11:33:24','江苏省','盐城市',120.14887182,33.37986188,NULL,NULL),
(1582,'super','101.81.186.151','2016-08-08 11:37:12','上海市','上海市',121.48789949,31.24916171,NULL,NULL),
(1583,'super','223.104.1.114','2016-08-08 12:07:10','广东省','汕头市',116.72865029,23.38390845,NULL,NULL),
(1584,'super','124.205.39.138','2016-08-08 15:30:44','北京市','北京市',116.40387397,39.91488908,NULL,NULL),
(1585,'super','124.205.39.138','2016-08-08 15:30:54','北京市','北京市',116.40387397,39.91488908,NULL,NULL),
(1586,'super','123.232.99.10','2016-08-08 15:52:10','山东省','济南市',117.02496707,36.68278473,NULL,NULL),
(1587,'super','123.233.115.107','2016-08-08 15:52:20','山东省','济南市',117.02496707,36.68278473,NULL,NULL),
(1588,'super','27.43.178.18','2016-08-08 15:52:26','广东省','揭阳市',116.37950086,23.54799947,NULL,NULL),
(1589,'super','114.253.252.213','2016-08-08 15:52:32','北京市','北京市',116.40387397,39.91488908,NULL,NULL),
(1590,'super','124.205.39.138','2016-08-08 16:49:30','北京市','北京市',116.40387397,39.91488908,NULL,NULL),
(1591,'super','124.205.39.138','2016-08-08 17:19:28','北京市','北京市',116.40387397,39.91488908,NULL,NULL),
(1592,'super','115.205.232.33','2016-08-09 08:19:30','浙江省','杭州市',120.21937542,30.25924446,NULL,NULL),
(1593,'super','114.111.167.235','2016-08-09 16:28:59','北京市','北京市',116.40387397,39.91488908,NULL,NULL),
(1594,'super','103.242.200.115','2016-08-09 17:05:56','北京市','北京市',116.40387397,39.91488908,NULL,NULL),
(1595,'super','59.56.176.19','2016-08-09 17:15:50','福建省','福州市',119.33022111,26.04712550,NULL,NULL),
(1596,'super','59.56.176.19','2016-08-09 17:16:01','福建省','福州市',119.33022111,26.04712550,NULL,NULL),
(1597,'super','120.52.24.28','2016-08-10 09:58:36','北京市','北京市',116.40387397,39.91488908,NULL,NULL),
(1598,'super','202.85.220.38','2016-08-10 09:59:58','北京市','北京市',116.40387397,39.91488908,NULL,NULL),
(1599,'super','123.172.64.133','2016-08-10 10:02:33','吉林省','长春市',125.31364243,43.89833761,NULL,NULL),
(1600,'super','218.17.162.170','2016-08-10 10:04:54','广东省','深圳市',114.02597366,22.54605355,NULL,NULL),
(1601,'super','106.39.123.226','2016-08-10 10:07:53','北京市','北京市',116.40387397,39.91488908,NULL,NULL),
(1602,'super','101.231.207.206','2016-08-10 10:11:18','上海市','上海市',121.48789949,31.24916171,NULL,NULL),
(1603,'super','113.99.84.51','2016-08-10 10:11:59','广东省','深圳市',114.02597366,22.54605355,NULL,NULL),
(1604,'super','59.40.73.183','2016-08-10 10:12:08','广东省','深圳市',114.02597366,22.54605355,NULL,NULL),
(1605,'super','112.64.133.70','2016-08-10 10:19:20','上海市','上海市',121.48789949,31.24916171,NULL,NULL),
(1606,'super','219.137.139.191','2016-08-10 10:55:26','广东省','广州市',113.30764968,23.12004910,NULL,NULL),
(1607,'super','113.68.32.116','2016-08-10 11:54:54','广东省','广州市',113.30764968,23.12004910,NULL,NULL),
(1608,'super','120.52.24.28','2016-08-10 14:24:47','北京市','北京市',116.40387397,39.91488908,NULL,NULL),
(1609,'super','219.150.85.232','2016-08-10 14:31:23','天津市','天津市',117.21081309,39.14392990,NULL,NULL),
(1610,'super','120.52.24.28','2016-08-10 14:33:55','北京市','北京市',116.40387397,39.91488908,NULL,NULL),
(1611,'super','112.123.252.120','2016-08-10 15:30:57','安徽省','池州市',117.49447677,30.66001925,NULL,NULL),
(1612,'super','112.123.252.120','2016-08-10 15:31:19','安徽省','池州市',117.49447677,30.66001925,NULL,NULL),
(1613,'super','113.68.32.116','2016-08-10 16:40:41','广东省','广州市',113.30764968,23.12004910,NULL,NULL),
(1614,'super','113.68.32.116','2016-08-10 16:40:48','广东省','广州市',113.30764968,23.12004910,NULL,NULL),
(1615,'super','113.68.32.116','2016-08-10 16:40:53','广东省','广州市',113.30764968,23.12004910,NULL,NULL),
(1616,'super','218.89.109.226','2016-08-10 16:48:25','四川省','攀枝花市',101.72242315,26.58757126,NULL,NULL),
(1617,'super','218.89.109.226','2016-08-10 16:48:34','四川省','攀枝花市',101.72242315,26.58757126,NULL,NULL),
(1618,'super','218.240.34.2','2016-08-10 17:01:18','北京市','北京市',116.40387397,39.91488908,NULL,NULL),
(1619,'super','218.240.34.2','2016-08-10 17:01:34','北京市','北京市',116.40387397,39.91488908,NULL,NULL),
(1620,'super','218.240.34.2','2016-08-10 17:09:45','北京市','北京市',116.40387397,39.91488908,NULL,NULL),
(1621,'super','180.126.19.213','2016-08-11 09:22:34','江苏省','盐城市',120.14887182,33.37986188,NULL,NULL),
(1622,'super','219.159.77.112','2016-08-11 09:22:52','广西壮族自治区','南宁市',108.29723356,22.80649294,NULL,NULL),
(1623,'super','111.207.148.130','2016-08-11 09:24:02','北京市','北京市',116.40387397,39.91488908,NULL,NULL),
(1624,'super','210.32.120.102','2016-08-11 09:50:01','浙江省','杭州市',120.21937542,30.25924446,NULL,NULL),
(1625,'super','27.115.87.106','2016-08-11 09:51:32','上海市','上海市',121.48789949,31.24916171,NULL,NULL),
(1626,'super','183.15.247.190','2016-08-11 16:17:18','广东省','深圳市',114.02597366,22.54605355,NULL,NULL),
(1627,'super','183.15.247.190','2016-08-11 16:17:29','广东省','深圳市',114.02597366,22.54605355,NULL,NULL),
(1628,'super','222.128.131.80','2016-08-11 17:57:00','北京市','北京市',116.40387397,39.91488908,NULL,NULL),
(1629,'super','222.128.131.80','2016-08-11 17:57:19','北京市','北京市',116.40387397,39.91488908,NULL,NULL),
(1630,'super','60.211.167.2','2016-08-11 20:53:55','山东省','济宁市',116.60079762,35.40212166,NULL,NULL),
(1631,'super','60.211.167.2','2016-08-11 20:54:04','山东省','济宁市',116.60079762,35.40212166,NULL,NULL),
(1632,'super','59.38.13.35','2016-08-12 14:04:58','广东省','珠海市',113.56244703,22.25691465,NULL,NULL),
(1633,'super','59.38.13.35','2016-08-12 14:05:09','广东省','珠海市',113.56244703,22.25691465,NULL,NULL),
(1634,'super','59.38.13.35','2016-08-12 14:06:35','广东省','珠海市',113.56244703,22.25691465,NULL,NULL),
(1635,'super','218.6.169.95','2016-08-12 14:36:16','四川省','成都市',104.06792346,30.67994285,NULL,NULL),
(1636,'super','218.6.169.95','2016-08-12 14:36:35','四川省','成都市',104.06792346,30.67994285,NULL,NULL),
(1637,'super','59.38.13.35','2016-08-12 14:43:36','广东省','珠海市',113.56244703,22.25691465,NULL,NULL),
(1638,'admin','120.52.92.23','2016-08-19 09:26:17','广东省','',113.39481756,23.40800373,NULL,NULL),
(1639,'super','120.52.92.23','2016-08-19 09:28:23','广东省','',113.39481756,23.40800373,NULL,NULL),
(1640,'admin','202.96.41.13','2016-08-19 09:59:40','北京市','北京市',116.40387397,39.91488908,NULL,NULL),
(1641,'admin','120.52.92.23','2016-08-19 10:09:46','广东省','',113.39481756,23.40800373,NULL,NULL),
(1642,'admin','120.52.92.23','2016-08-19 10:10:28','广东省','',113.39481756,23.40800373,NULL,NULL),
(1643,'admin','60.28.121.138','2016-08-19 10:35:37','重庆市','重庆市',106.53063501,29.54460611,NULL,NULL),
(1644,'admin','60.28.121.138','2016-08-19 10:36:04','重庆市','重庆市',106.53063501,29.54460611,NULL,NULL),
(1645,'admin','123.85.178.60','2016-08-19 11:31:31','湖北省','襄阳市',112.17632580,32.09493365,NULL,NULL),
(1646,'admin','123.85.178.60','2016-08-19 11:31:38','湖北省','襄阳市',112.17632580,32.09493365,NULL,NULL),
(1647,'admin','218.88.23.47','2016-08-19 13:46:31','四川省','成都市',104.06792346,30.67994285,NULL,NULL),
(1648,'admin','125.35.85.194','2016-08-19 14:22:39','北京市','北京市',116.40387397,39.91488908,NULL,NULL),
(1649,'admin','101.254.182.62','2016-08-19 14:58:03','北京市','北京市',116.40387397,39.91488908,NULL,NULL),
(1650,'admin','60.28.121.138','2016-08-19 15:03:23','重庆市','重庆市',106.53063501,29.54460611,NULL,NULL),
(1651,'admin','111.198.116.99','2016-08-19 15:05:03','北京市','北京市',116.40387397,39.91488908,NULL,NULL),
(1652,'admin','210.32.120.101','2016-08-19 15:16:37','浙江省','杭州市',120.21937542,30.25924446,NULL,NULL),
(1653,'admin','222.128.157.99','2016-08-19 16:13:58','北京市','北京市',116.40387397,39.91488908,NULL,NULL),
(1654,'admin','222.128.157.99','2016-08-19 16:14:03','北京市','北京市',116.40387397,39.91488908,NULL,NULL),
(1655,'admin','210.32.120.101','2016-08-19 17:03:54','浙江省','杭州市',120.21937542,30.25924446,NULL,NULL),
(1656,'admin','125.39.30.137','2016-08-19 17:19:45','北京市','北京市',116.40387397,39.91488908,NULL,NULL),
(1657,'admin','60.28.121.138','2016-08-19 21:17:59','重庆市','重庆市',106.53063501,29.54460611,NULL,NULL),
(1658,'super','106.37.28.139','2016-08-19 21:57:53','北京市','北京市',116.40387397,39.91488908,NULL,NULL),
(1659,'admin','106.37.28.139','2016-08-19 21:58:19','北京市','北京市',116.40387397,39.91488908,NULL,NULL),
(1660,'admin','27.38.56.142','2016-08-19 22:27:16','广东省','深圳市',114.02597366,22.54605355,NULL,NULL),
(1661,'admin','106.37.28.139','2016-08-19 22:30:40','北京市','北京市',116.40387397,39.91488908,NULL,NULL),
(1662,'admin','180.164.158.237','2016-08-19 22:39:29','上海市','上海市',121.48789949,31.24916171,NULL,NULL),
(1663,'admin','180.164.143.126','2016-08-19 22:39:45','上海市','上海市',121.48789949,31.24916171,NULL,NULL),
(1664,'admin','106.37.28.138','2016-08-20 08:00:28','北京市','北京市',116.40387397,39.91488908,NULL,NULL),
(1665,'admin','60.28.121.138','2016-08-20 10:17:37','重庆市','重庆市',106.53063501,29.54460611,NULL,NULL),
(1666,'admin','125.39.30.129','2016-08-20 16:10:25','北京市','北京市',116.40387397,39.91488908,NULL,NULL),
(1667,'admin','106.37.28.133','2016-08-20 19:06:49','北京市','北京市',116.40387397,39.91488908,NULL,NULL),
(1668,'admin','119.131.178.124','2016-08-20 22:37:06','广东省','广州市',113.30764968,23.12004910,NULL,NULL),
(1669,'admin','58.63.138.143','2016-08-20 22:48:20','广东省','广州市',113.30764968,23.12004910,NULL,NULL),
(1670,'admin','60.28.121.138','2016-08-21 14:10:31','重庆市','重庆市',106.53063501,29.54460611,NULL,NULL),
(1671,'admin','61.135.242.241','2016-08-22 09:15:24','北京市','北京市',116.40387397,39.91488908,NULL,NULL),
(1672,'admin','210.32.120.101','2016-08-22 09:26:16','浙江省','杭州市',120.21937542,30.25924446,NULL,NULL),
(1673,'admin','60.28.121.138','2016-08-22 09:47:00','重庆市','重庆市',106.53063501,29.54460611,NULL,NULL),
(1674,'admin','118.116.105.15','2016-08-22 10:28:56','四川省','成都市',104.06792346,30.67994285,NULL,NULL),
(1675,'admin','222.36.56.11','2016-08-22 11:21:15','天津市','天津市',117.21081309,39.14392990,NULL,NULL),
(1676,'admin','222.36.56.11','2016-08-22 11:21:33','天津市','天津市',117.21081309,39.14392990,NULL,NULL),
(1677,'admin','222.191.235.230','2016-08-22 11:26:51','江苏省','无锡市',120.30545590,31.57003745,NULL,NULL),
(1678,'admin','222.191.235.230','2016-08-22 11:27:09','江苏省','无锡市',120.30545590,31.57003745,NULL,NULL),
(1679,'admin','117.122.208.3','2016-08-22 11:29:14','北京市','北京市',116.40387397,39.91488908,NULL,NULL),
(1680,'admin','118.116.105.15','2016-08-22 11:34:49','四川省','成都市',104.06792346,30.67994285,NULL,NULL),
(1681,'admin','116.236.210.154','2016-08-22 14:42:12','上海市','上海市',121.48789949,31.24916171,NULL,NULL),
(1682,'admin','116.236.210.154','2016-08-22 14:42:37','上海市','上海市',121.48789949,31.24916171,NULL,NULL),
(1683,'admin','116.236.210.154','2016-08-22 14:43:08','上海市','上海市',121.48789949,31.24916171,NULL,NULL),
(1684,'admin','60.28.121.138','2016-08-22 15:06:49','重庆市','重庆市',106.53063501,29.54460611,NULL,NULL),
(1685,'admin','210.12.225.129','2016-08-22 15:51:06','北京市','北京市',116.40387397,39.91488908,NULL,NULL),
(1686,'admin','123.150.252.34','2016-08-22 15:59:33','天津市','天津市',117.21081309,39.14392990,NULL,NULL),
(1687,'admin','221.223.233.150','2016-08-23 08:26:08','北京市','北京市',116.40387397,39.91488908,NULL,NULL),
(1688,'admin','221.223.233.150','2016-08-23 09:45:07','北京市','北京市',116.40387397,39.91488908,NULL,NULL),
(1689,'admin','223.147.154.30','2016-08-23 11:17:45','湖南省','衡阳市',112.58381881,26.89816442,NULL,NULL),
(1690,'admin','218.17.162.170','2016-08-23 11:23:12','广东省','深圳市',114.02597366,22.54605355,NULL,NULL),
(1691,'admin','221.212.95.98','2016-08-23 13:02:34','黑龙江省','哈尔滨市',126.65771686,45.77322463,NULL,NULL),
(1692,'admin','183.162.7.255','2016-08-23 13:44:49','安徽省','合肥市',117.28269909,31.86694226,NULL,NULL),
(1693,'admin','124.114.150.186','2016-08-23 14:03:47','陕西省','西安市',108.95309828,34.27779990,NULL,NULL),
(1694,'admin','119.130.171.5','2016-08-23 14:10:38','广东省','广州市',113.30764968,23.12004910,NULL,NULL),
(1695,'admin','119.130.171.5','2016-08-23 14:10:51','广东省','广州市',113.30764968,23.12004910,NULL,NULL),
(1696,'admin','180.169.33.113','2016-08-23 14:13:02','上海市','上海市',121.48789949,31.24916171,NULL,NULL),
(1697,'admin','111.207.1.90','2016-08-23 16:00:19','北京市','北京市',116.40387397,39.91488908,NULL,NULL),
(1698,'admin','119.130.171.5','2016-08-23 18:07:08','广东省','广州市',113.30764968,23.12004910,NULL,NULL),
(1699,'admin','119.130.171.5','2016-08-23 18:07:19','广东省','广州市',113.30764968,23.12004910,NULL,NULL),
(1700,'admin','210.21.98.70','2016-08-24 10:06:42','广东省','广州市',113.30764968,23.12004910,NULL,NULL),
(1701,'admin','218.109.15.245','2016-08-24 10:16:16','浙江省','杭州市',120.21937542,30.25924446,NULL,NULL),
(1702,'admin','101.36.76.67','2016-08-24 10:41:56','辽宁省','沈阳市',123.43279092,41.80864478,NULL,NULL),
(1703,'admin','101.36.76.67','2016-08-24 10:42:04','辽宁省','沈阳市',123.43279092,41.80864478,NULL,NULL),
(1704,'admin','123.125.26.230','2016-08-24 12:12:50','北京市','北京市',116.40387397,39.91488908,NULL,NULL),
(1705,'admin','218.109.15.245','2016-08-24 15:13:45','浙江省','杭州市',120.21937542,30.25924446,NULL,NULL),
(1706,'admin','123.150.252.34','2016-08-24 16:23:28','天津市','天津市',117.21081309,39.14392990,NULL,NULL),
(1707,'admin','119.130.71.138','2016-08-24 18:13:46','广东省','广州市',113.30764968,23.12004910,NULL,NULL),
(1708,'admin','119.130.71.138','2016-08-24 18:14:16','广东省','广州市',113.30764968,23.12004910,NULL,NULL),
(1709,'admin','218.249.50.83','2016-08-24 22:26:25','北京市','北京市',116.40387397,39.91488908,NULL,NULL),
(1710,'admin','124.126.217.167','2016-08-24 22:26:28','北京市','北京市',116.40387397,39.91488908,NULL,NULL),
(1711,'admin','114.243.50.104','2016-08-24 22:35:54','北京市','北京市',116.40387397,39.91488908,NULL,NULL),
(1712,'admin','114.95.122.124','2016-08-25 08:20:10','上海市','上海市',121.48789949,31.24916171,NULL,NULL),
(1713,'admin','115.197.197.133','2016-08-25 14:15:47','浙江省','杭州市',120.21937542,30.25924446,NULL,NULL),
(1714,'admin','115.197.197.133','2016-08-25 14:15:57','浙江省','杭州市',120.21937542,30.25924446,NULL,NULL),
(1715,'admin','121.204.219.118','2016-08-25 14:29:28','福建省','厦门市',118.10388605,24.48923061,NULL,NULL),
(1716,'admin','121.204.219.118','2016-08-25 14:29:41','福建省','厦门市',118.10388605,24.48923061,NULL,NULL),
(1717,'admin','124.114.43.31','2016-08-25 18:24:55','陕西省','西安市',108.95309828,34.27779990,NULL,NULL),
(1718,'admin','124.114.43.31','2016-08-25 18:25:05','陕西省','西安市',108.95309828,34.27779990,NULL,NULL),
(1719,'admin','182.148.33.201','2016-08-25 19:48:20','四川省','成都市',104.06792346,30.67994285,NULL,NULL),
(1720,'admin','182.148.33.201','2016-08-25 19:48:44','四川省','成都市',104.06792346,30.67994285,NULL,NULL),
(1721,'admin','59.108.15.7','2016-08-25 21:12:50','北京市','北京市',116.40387397,39.91488908,NULL,NULL),
(1722,'admin','124.78.128.209','2016-08-25 22:44:11','上海市','上海市',121.48789949,31.24916171,NULL,NULL),
(1723,'admin','111.192.253.159','2016-08-25 23:21:27','北京市','北京市',116.40387397,39.91488908,NULL,NULL),
(1724,'admin','111.192.253.159','2016-08-25 23:21:35','北京市','北京市',116.40387397,39.91488908,NULL,NULL),
(1725,'admin','121.8.210.16','2016-08-26 10:18:09','广东省','广州市',113.30764968,23.12004910,NULL,NULL),
(1726,'admin','121.8.210.16','2016-08-26 10:18:21','广东省','广州市',113.30764968,23.12004910,NULL,NULL),
(1727,'admin','106.39.123.226','2016-08-26 14:04:31','北京市','北京市',116.40387397,39.91488908,NULL,NULL),
(1728,'admin','219.133.11.115','2016-08-26 14:04:47','广东省','深圳市',114.02597366,22.54605355,NULL,NULL),
(1729,'admin','116.55.72.12','2016-08-26 14:08:36','云南省','丽江市',100.22962840,26.87535109,NULL,NULL),
(1730,'admin','183.129.165.131','2016-08-26 14:18:31','浙江省','杭州市',120.21937542,30.25924446,NULL,NULL),
(1731,'admin','119.130.71.138','2016-08-26 15:07:21','广东省','广州市',113.30764968,23.12004910,NULL,NULL),
(1732,'admin','119.130.71.138','2016-08-26 15:07:31','广东省','广州市',113.30764968,23.12004910,NULL,NULL),
(1733,'admin','219.133.11.115','2016-08-26 15:30:54','广东省','深圳市',114.02597366,22.54605355,NULL,NULL),
(1734,'admin','119.130.171.38','2016-08-26 16:51:43','广东省','广州市',113.30764968,23.12004910,NULL,NULL),
(1735,'admin','119.130.171.38','2016-08-26 16:51:52','广东省','广州市',113.30764968,23.12004910,NULL,NULL),
(1736,'admin','61.154.14.122','2016-08-26 17:00:36','福建省','福州市',119.33022111,26.04712550,NULL,NULL),
(1737,'admin','61.154.14.122','2016-08-26 17:00:46','福建省','福州市',119.33022111,26.04712550,NULL,NULL),
(1738,'admin','103.3.99.57','2016-08-26 21:02:00','天津市','天津市',117.21081309,39.14392990,NULL,NULL),
(1739,'admin','117.136.97.14','2016-08-26 21:02:00','广西壮族自治区','桂林市',110.26092015,25.26290125,NULL,NULL),
(1740,'admin','117.136.97.14','2016-08-26 21:02:01','广西壮族自治区','桂林市',110.26092015,25.26290125,NULL,NULL),
(1741,'admin','114.246.78.219','2016-08-26 21:02:07','北京市','北京市',116.40387397,39.91488908,NULL,NULL),
(1742,'admin','183.214.35.110','2016-08-26 21:02:37','北京市','北京市',116.40387397,39.91488908,NULL,NULL),
(1743,'admin','211.161.242.148','2016-08-26 21:04:29','上海市','上海市',121.48789949,31.24916171,NULL,NULL),
(1744,'admin','112.81.194.119','2016-08-26 21:15:16','江苏省','无锡市',120.30545590,31.57003745,NULL,NULL),
(1745,'admin','14.18.62.112','2016-08-26 21:26:08','广东省','广州市',113.30764968,23.12004910,NULL,NULL),
(1746,'admin','112.123.240.114','2016-08-26 21:31:10','安徽省','黄山市',118.29356963,29.73443486,NULL,NULL),
(1747,'admin','220.249.170.226','2016-08-26 22:33:57','福建省','福州市',119.33022111,26.04712550,NULL,NULL),
(1748,'admin','220.249.170.226','2016-08-26 22:34:15','福建省','福州市',119.33022111,26.04712550,NULL,NULL),
(1749,'admin','219.133.94.193','2016-08-26 23:58:07','广东省','深圳市',114.02597366,22.54605355,NULL,NULL),
(1750,'admin','124.204.239.22','2016-08-28 19:45:35','北京市','北京市',116.40387397,39.91488908,NULL,NULL),
(1751,'admin','124.204.239.22','2016-08-28 21:30:51','北京市','北京市',116.40387397,39.91488908,NULL,NULL),
(1752,'admin','223.223.204.40','2016-08-29 09:06:19','北京市','北京市',116.40387397,39.91488908,NULL,NULL),
(1753,'admin','223.223.204.40','2016-08-29 09:14:05','北京市','北京市',116.40387397,39.91488908,NULL,NULL),
(1754,'admin','223.223.204.40','2016-08-29 09:31:10','北京市','北京市',116.40387397,39.91488908,NULL,NULL),
(1755,'admin','111.204.202.194','2016-08-29 11:51:52','北京市','北京市',116.40387397,39.91488908,NULL,NULL),
(1756,'admin','111.204.202.194','2016-08-29 11:52:07','北京市','北京市',116.40387397,39.91488908,NULL,NULL),
(1757,'admin','14.124.109.231','2016-08-29 15:53:25','广东省','广州市',113.30764968,23.12004910,NULL,NULL),
(1758,'admin','14.124.109.231','2016-08-29 15:53:35','广东省','广州市',113.30764968,23.12004910,NULL,NULL),
(1759,'admin','210.21.53.180','2016-08-29 16:33:38','广东省','广州市',113.30764968,23.12004910,NULL,NULL),
(1760,'admin','210.21.98.70','2016-08-29 16:34:58','广东省','广州市',113.30764968,23.12004910,NULL,NULL),
(1761,'admin','14.124.109.231','2016-08-29 20:34:26','广东省','广州市',113.30764968,23.12004910,NULL,NULL),
(1762,'admin','14.124.109.231','2016-08-29 20:34:34','广东省','广州市',113.30764968,23.12004910,NULL,NULL),
(1763,'admin','121.69.11.49','2016-08-29 22:04:36','北京市','北京市',116.40387397,39.91488908,NULL,NULL),
(1764,'admin','116.236.210.154','2016-08-30 10:48:50','上海市','上海市',121.48789949,31.24916171,NULL,NULL),
(1765,'admin','116.236.210.154','2016-08-30 10:49:13','上海市','上海市',121.48789949,31.24916171,NULL,NULL),
(1766,'admin','116.236.210.154','2016-08-30 13:53:04','上海市','上海市',121.48789949,31.24916171,NULL,NULL),
(1767,'admin','218.17.162.170','2016-08-31 09:41:36','广东省','深圳市',114.02597366,22.54605355,NULL,NULL),
(1768,'admin','218.17.162.170','2016-08-31 09:41:43','广东省','深圳市',114.02597366,22.54605355,NULL,NULL),
(1769,'admin','220.112.236.80','2016-08-31 09:43:19','广东省','深圳市',114.02597366,22.54605355,NULL,NULL),
(1770,'admin','220.112.236.80','2016-08-31 09:43:26','广东省','深圳市',114.02597366,22.54605355,NULL,NULL),
(1771,'admin','220.112.236.80','2016-08-31 10:02:56','广东省','深圳市',114.02597366,22.54605355,NULL,NULL),
(1772,'admin','220.112.236.80','2016-08-31 10:09:57','广东省','深圳市',114.02597366,22.54605355,NULL,NULL),
(1773,'admin','220.112.236.80','2016-08-31 11:14:44','广东省','深圳市',114.02597366,22.54605355,NULL,NULL),
(1774,'admin','220.112.236.80','2016-08-31 11:51:48','广东省','深圳市',114.02597366,22.54605355,NULL,NULL),
(1775,'admin','218.109.15.245','2016-08-31 13:10:41','浙江省','杭州市',120.21937542,30.25924446,NULL,NULL),
(1776,'admin','218.109.15.245','2016-08-31 14:11:52','浙江省','杭州市',120.21937542,30.25924446,NULL,NULL),
(1777,'admin','114.248.222.13','2016-08-31 14:28:37','北京市','北京市',116.40387397,39.91488908,NULL,NULL),
(1778,'admin','218.109.15.245','2016-08-31 14:31:57','浙江省','杭州市',120.21937542,30.25924446,NULL,NULL),
(1779,'admin','114.234.97.227','2016-08-31 16:03:45','江苏省','徐州市',117.18810662,34.27155343,NULL,NULL),
(1780,'admin','210.21.98.70','2016-08-31 21:02:06','广东省','广州市',113.30764968,23.12004910,NULL,NULL),
(1781,'admin','210.21.98.70','2016-08-31 21:02:21','广东省','广州市',113.30764968,23.12004910,NULL,NULL),
(1782,'admin','101.81.187.131','2016-09-01 10:33:34','上海市','上海市',121.48789949,31.24916171,NULL,NULL),
(1783,'admin','101.81.187.131','2016-09-01 10:33:47','上海市','上海市',121.48789949,31.24916171,NULL,NULL),
(1784,'admin','218.205.18.97','2016-09-01 14:30:38','江苏省','常州市',119.98186101,31.77139674,NULL,NULL),
(1785,'admin','115.206.102.70','2016-09-01 14:43:17','浙江省','杭州市',120.21937542,30.25924446,NULL,NULL),
(1786,'admin','113.201.47.91','2016-09-01 14:54:32','陕西省','宝鸡市',107.17064545,34.36408081,NULL,NULL),
(1787,'admin','113.201.47.91','2016-09-01 14:54:43','陕西省','宝鸡市',107.17064545,34.36408081,NULL,NULL),
(1788,'admin','116.243.195.118','2016-09-01 17:22:00','北京市','北京市',116.40387397,39.91488908,NULL,NULL),
(1789,'admin','218.70.35.19','2016-09-01 17:23:37','重庆市','重庆市',106.53063501,29.54460611,NULL,NULL),
(1790,'admin','218.70.35.19','2016-09-01 17:24:25','重庆市','重庆市',106.53063501,29.54460611,NULL,NULL),
(1791,'admin','113.76.144.254','2016-09-01 17:25:44','广东省','珠海市',113.56244703,22.25691465,NULL,NULL),
(1792,'admin','113.76.144.254','2016-09-01 17:25:53','广东省','珠海市',113.56244703,22.25691465,NULL,NULL),
(1793,'admin','125.84.238.75','2016-09-01 17:35:47','重庆市','重庆市',106.53063501,29.54460611,NULL,NULL),
(1794,'super','116.243.195.118','2016-09-01 17:42:09','北京市','北京市',116.40387397,39.91488908,NULL,NULL),
(1795,'super','125.84.236.132','2016-09-01 17:42:32','重庆市','重庆市',106.53063501,29.54460611,NULL,NULL),
(1796,'super','113.76.144.254','2016-09-01 17:42:38','广东省','珠海市',113.56244703,22.25691465,NULL,NULL),
(1797,'super','116.243.195.118','2016-09-01 17:42:48','北京市','北京市',116.40387397,39.91488908,NULL,NULL),
(1798,'super','163.204.183.195','2016-09-01 18:09:00','广东省','茂名市',110.93124533,21.66822572,NULL,NULL),
(1799,'super','125.84.236.132','2016-09-01 19:15:49','重庆市','重庆市',106.53063501,29.54460611,NULL,NULL),
(1800,'super','125.84.236.132','2016-09-01 19:16:22','重庆市','重庆市',106.53063501,29.54460611,NULL,NULL),
(1801,'super','125.84.236.132','2016-09-01 19:17:08','重庆市','重庆市',106.53063501,29.54460611,NULL,NULL),
(1802,'super','125.84.236.132','2016-09-01 19:19:44','重庆市','重庆市',106.53063501,29.54460611,NULL,NULL),
(1803,'super','222.204.1.6','2016-09-01 19:26:26','江西省','南昌市',115.89352755,28.68957800,NULL,NULL),
(1804,'super','125.84.236.132','2016-09-01 20:12:16','重庆市','重庆市',106.53063501,29.54460611,NULL,NULL),
(1805,'super','106.2.212.190','2016-09-02 09:42:26','北京市','北京市',116.40387397,39.91488908,NULL,NULL),
(1806,'super','106.2.212.190','2016-09-02 09:43:52','北京市','北京市',116.40387397,39.91488908,NULL,NULL),
(1807,'super','106.2.212.190','2016-09-02 09:47:05','北京市','北京市',116.40387397,39.91488908,NULL,NULL),
(1808,'super','106.2.212.190','2016-09-02 11:18:13','北京市','北京市',116.40387397,39.91488908,NULL,NULL),
(1809,'super','116.243.195.118','2016-09-02 13:08:44','北京市','北京市',116.40387397,39.91488908,NULL,NULL),
(1810,'super','36.5.103.54','2016-09-02 16:23:22','安徽省','',117.21600521,31.85925242,NULL,NULL),
(1811,'super','113.76.144.254','2016-09-02 18:11:19','广东省','珠海市',113.56244703,22.25691465,NULL,NULL),
(1812,'super','113.76.144.254','2016-09-02 18:11:21','广东省','珠海市',113.56244703,22.25691465,NULL,NULL),
(1813,'super','183.38.0.236','2016-09-03 19:46:09','广东省','深圳市',114.02597366,22.54605355,NULL,NULL),
(1814,'super','112.5.236.91','2016-09-03 22:03:03','福建省','福州市',119.33022111,26.04712550,NULL,NULL),
(1815,'super','140.255.136.131','2016-09-04 18:54:10','山东省','淄博市',118.05913428,36.80468485,NULL,NULL),
(1816,'super','117.73.146.182','2016-09-04 19:47:45','北京市','北京市',116.40387397,39.91488908,NULL,NULL),
(1817,'super','222.128.117.57','2016-09-04 20:46:34','北京市','北京市',116.40387397,39.91488908,NULL,NULL),
(1818,'super','116.226.107.255','2016-09-05 15:03:37','上海市','上海市',121.48789949,31.24916171,NULL,NULL),
(1819,'super','120.132.95.85','2016-09-05 17:32:51','北京市','北京市',116.40387397,39.91488908,NULL,NULL),
(1820,'super','101.81.227.113','2016-09-05 17:50:35','上海市','上海市',121.48789949,31.24916171,NULL,NULL),
(1821,'super','116.243.195.118','2016-09-05 17:55:11','北京市','北京市',116.40387397,39.91488908,NULL,NULL),
(1822,'super','116.243.195.118','2016-09-05 17:58:12','北京市','北京市',116.40387397,39.91488908,NULL,NULL),
(1823,'super','223.72.98.206','2016-09-05 18:41:26','北京市','北京市',116.40387397,39.91488908,NULL,NULL),
(1824,'super','106.2.212.190','2016-09-06 11:17:39','北京市','北京市',116.40387397,39.91488908,NULL,NULL),
(1825,'super','106.2.212.190','2016-09-06 11:37:18','北京市','北京市',116.40387397,39.91488908,NULL,NULL),
(1826,'super','111.40.19.209','2016-09-06 14:26:31','黑龙江省','哈尔滨市',126.65771686,45.77322463,NULL,NULL),
(1827,'super','115.183.253.136','2016-09-06 14:27:32','北京市','北京市',116.40387397,39.91488908,NULL,NULL),
(1828,'super','124.205.39.138','2016-09-06 14:28:43','北京市','北京市',116.40387397,39.91488908,NULL,NULL),
(1829,'super','116.211.105.92','2016-09-06 14:30:47','湖北省','武汉市',114.31620010,30.58108413,NULL,NULL),
(1830,'super','61.178.9.86','2016-09-06 14:32:42','甘肃省','兰州市',103.82330544,36.06422553,NULL,NULL),
(1831,'super','182.108.11.195','2016-09-06 14:41:39','江西省','南昌市',115.89352755,28.68957800,NULL,NULL),
(1832,'super','222.66.154.84','2016-09-06 15:06:44','上海市','上海市',121.48789949,31.24916171,NULL,NULL),
(1833,'super','113.76.145.224','2016-09-06 15:09:15','广东省','珠海市',113.56244703,22.25691465,NULL,NULL),
(1834,'super','115.183.253.136','2016-09-07 15:19:27','北京市','北京市',116.40387397,39.91488908,NULL,NULL),
(1835,'super','222.44.31.156','2016-09-07 15:21:36','上海市','上海市',121.48789949,31.24916171,NULL,NULL),
(1836,'super','115.195.34.47','2016-09-07 15:21:49','浙江省','杭州市',120.21937542,30.25924446,NULL,NULL),
(1837,'super','113.12.195.21','2016-09-07 15:22:42','广西壮族自治区','南宁市',108.29723356,22.80649294,NULL,NULL),
(1838,'super','115.183.253.136','2016-09-07 17:00:17','北京市','北京市',116.40387397,39.91488908,NULL,NULL),
(1839,'super','114.95.122.124','2016-09-07 20:28:58','上海市','上海市',121.48789949,31.24916171,NULL,NULL),
(1840,'super','114.95.122.124','2016-09-07 20:30:15','上海市','上海市',121.48789949,31.24916171,NULL,NULL),
(1841,'super','114.95.122.124','2016-09-07 20:30:24','上海市','上海市',121.48789949,31.24916171,NULL,NULL),
(1842,'super','114.95.122.124','2016-09-07 20:30:53','上海市','上海市',121.48789949,31.24916171,NULL,NULL),
(1843,'super','218.83.35.93','2016-09-07 20:51:28','上海市','上海市',121.48789949,31.24916171,NULL,NULL),
(1844,'super','116.225.34.232','2016-09-07 20:57:54','上海市','上海市',121.48789949,31.24916171,NULL,NULL),
(1845,'super','106.2.212.190','2016-09-08 09:14:20','北京市','北京市',116.40387397,39.91488908,NULL,NULL),
(1846,'super','183.62.60.90','2016-09-08 10:16:18','广东省','广州市',113.30764968,23.12004910,NULL,NULL),
(1847,'super','106.2.212.190','2016-09-08 10:18:55','北京市','北京市',116.40387397,39.91488908,NULL,NULL),
(1848,'super','124.205.237.74','2016-09-08 11:13:55','北京市','北京市',116.40387397,39.91488908,NULL,NULL),
(1849,'super','115.192.57.182','2016-09-08 11:31:07','浙江省','杭州市',120.21937542,30.25924446,NULL,NULL),
(1850,'super','223.68.186.77','2016-09-08 11:45:47','江苏省','南京市',118.77807441,32.05723550,NULL,NULL),
(1851,'super','103.38.232.99','2016-09-08 13:36:22','上海市','上海市',121.48789949,31.24916171,NULL,NULL),
(1852,'super','106.2.212.190','2016-09-08 13:41:18','北京市','北京市',116.40387397,39.91488908,NULL,NULL),
(1853,'super','106.2.212.190','2016-09-08 15:27:10','北京市','北京市',116.40387397,39.91488908,NULL,NULL),
(1854,'super','113.57.160.51','2016-09-08 16:33:51','湖北省','武汉市',114.31620010,30.58108413,NULL,NULL),
(1855,'super','114.247.236.226','2016-09-08 19:36:21','北京市','北京市',116.40387397,39.91488908,NULL,NULL),
(1856,'super','123.59.3.113','2016-09-08 19:40:23','北京市','北京市',116.40387397,39.91488908,NULL,NULL),
(1857,'super','114.247.236.226','2016-09-08 19:40:51','北京市','北京市',116.40387397,39.91488908,NULL,NULL),
(1858,'super','59.108.15.16','2016-09-08 21:15:28','北京市','北京市',116.40387397,39.91488908,NULL,NULL),
(1859,'super','222.44.31.156','2016-09-09 09:15:57','上海市','上海市',121.48789949,31.24916171,NULL,NULL),
(1860,'super','222.44.31.156','2016-09-09 09:24:28','上海市','上海市',121.48789949,31.24916171,NULL,NULL),
(1861,'super','106.2.212.190','2016-09-09 09:36:51','北京市','北京市',116.40387397,39.91488908,NULL,NULL),
(1862,'super','118.113.68.141','2016-09-09 10:11:36','四川省','成都市',104.06792346,30.67994285,NULL,NULL),
(1863,'super','222.191.235.230','2016-09-09 10:41:06','江苏省','无锡市',120.30545590,31.57003745,NULL,NULL),
(1864,'super','117.22.252.114','2016-09-09 10:45:29','陕西省','西安市',108.95309828,34.27779990,NULL,NULL),
(1865,'super','175.25.175.114','2016-09-09 10:51:17','北京市','北京市',116.40387397,39.91488908,NULL,NULL),
(1866,'super','140.207.1.42','2016-09-09 10:52:32','上海市','上海市',121.48789949,31.24916171,NULL,NULL),
(1867,'super','36.110.68.19','2016-09-09 10:55:04','北京市','北京市',116.40387397,39.91488908,NULL,NULL),
(1868,'super','115.183.253.136','2016-09-09 11:00:34','北京市','北京市',116.40387397,39.91488908,NULL,NULL),
(1869,'super','220.163.121.85','2016-09-09 11:03:28','云南省','昆明市',102.71460114,25.04915310,NULL,NULL),
(1870,'super','113.76.33.144','2016-09-09 12:53:43','广东省','珠海市',113.56244703,22.25691465,NULL,NULL),
(1871,'super','113.76.33.144','2016-09-09 12:56:40','广东省','珠海市',113.56244703,22.25691465,NULL,NULL),
(1872,'super','113.76.33.144','2016-09-09 12:59:59','广东省','珠海市',113.56244703,22.25691465,NULL,NULL),
(1873,'super','113.76.33.144','2016-09-09 13:17:44','广东省','珠海市',113.56244703,22.25691465,NULL,NULL),
(1874,'super','115.183.253.136','2016-09-09 14:24:56','北京市','北京市',116.40387397,39.91488908,NULL,NULL),
(1875,'super','115.183.253.136','2016-09-09 14:34:42','北京市','北京市',116.40387397,39.91488908,NULL,NULL),
(1876,'super','116.236.210.154','2016-09-09 14:40:55','上海市','上海市',121.48789949,31.24916171,NULL,NULL),
(1877,'super','223.73.56.141','2016-09-09 14:41:00','广东省','广州市',113.30764968,23.12004910,NULL,NULL),
(1878,'super','116.236.210.154','2016-09-09 14:41:47','上海市','上海市',121.48789949,31.24916171,NULL,NULL),
(1879,'super','183.14.161.103','2016-09-09 14:42:31','广东省','深圳市',114.02597366,22.54605355,NULL,NULL),
(1880,'super','116.236.210.154','2016-09-09 14:42:50','上海市','上海市',121.48789949,31.24916171,NULL,NULL),
(1881,'super','111.172.35.189','2016-09-09 14:43:03','湖北省','武汉市',114.31620010,30.58108413,NULL,NULL),
(1882,'super','183.14.161.103','2016-09-09 14:43:39','广东省','深圳市',114.02597366,22.54605355,NULL,NULL),
(1883,'super','14.117.32.122','2016-09-09 14:47:08','广东省','珠海市',113.56244703,22.25691465,NULL,NULL),
(1884,'super','115.33.31.80','2016-09-09 14:56:58','北京市','北京市',116.40387397,39.91488908,NULL,NULL),
(1885,'super','121.69.13.182','2016-09-09 14:57:08','北京市','北京市',116.40387397,39.91488908,NULL,NULL),
(1886,'super','115.33.31.80','2016-09-09 14:57:28','北京市','北京市',116.40387397,39.91488908,NULL,NULL),
(1887,'super','115.183.253.136','2016-09-09 15:03:03','北京市','北京市',116.40387397,39.91488908,NULL,NULL),
(1888,'super','123.125.90.168','2016-09-09 15:03:29','北京市','北京市',116.40387397,39.91488908,NULL,NULL),
(1889,'super','58.216.99.84','2016-09-09 15:04:39','浙江省','杭州市',120.21937542,30.25924446,NULL,NULL),
(1890,'super','211.138.251.70','2016-09-09 15:05:47','广西壮族自治区','南宁市',108.29723356,22.80649294,NULL,NULL),
(1891,'super','211.138.251.70','2016-09-09 15:06:47','广西壮族自治区','南宁市',108.29723356,22.80649294,NULL,NULL),
(1892,'super','113.76.243.201','2016-09-09 15:09:17','广东省','珠海市',113.56244703,22.25691465,NULL,NULL),
(1893,'super','124.206.243.251','2016-09-09 15:31:11','北京市','北京市',116.40387397,39.91488908,NULL,NULL),
(1894,'super','61.183.152.196','2016-09-09 15:33:01','湖北省','武汉市',114.31620010,30.58108413,NULL,NULL),
(1895,'super','1.202.3.144','2016-09-09 15:42:59','北京市','北京市',116.40387397,39.91488908,NULL,NULL),
(1896,'super','10.99.219.17','2016-09-09 15:53:53',NULL,NULL,NULL,NULL,NULL,NULL),
(1897,'super','124.200.181.74','2016-09-09 16:33:41','北京市','北京市',116.40387397,39.91488908,NULL,NULL),
(1898,'super','101.229.40.49','2016-09-09 17:40:56','上海市','上海市',121.48789949,31.24916171,NULL,NULL),
(1899,'super','106.37.199.66','2016-09-09 18:08:07','北京市','北京市',116.40387397,39.91488908,NULL,NULL),
(1900,'super','60.211.167.2','2016-09-09 18:14:43','山东省','济宁市',116.60079762,35.40212166,NULL,NULL),
(1901,'super','60.211.167.2','2016-09-09 18:15:36','山东省','济宁市',116.60079762,35.40212166,NULL,NULL),
(1902,'super','60.211.167.2','2016-09-09 18:30:27','山东省','济宁市',116.60079762,35.40212166,NULL,NULL),
(1903,'super','116.232.168.239','2016-09-09 21:18:27','上海市','上海市',121.48789949,31.24916171,NULL,NULL),
(1904,'super','106.7.170.200','2016-09-10 22:41:33','江西省','南昌市',115.89352755,28.68957800,NULL,NULL),
(1905,'super','124.204.241.130','2016-09-11 16:17:20','北京市','北京市',116.40387397,39.91488908,NULL,NULL),
(1906,'super','124.204.241.130','2016-09-11 21:54:47','北京市','北京市',116.40387397,39.91488908,NULL,NULL),
(1907,'super','58.101.108.121','2016-09-11 23:38:04','浙江省','杭州市',120.21937542,30.25924446,NULL,NULL),
(1908,'super','118.122.122.192','2016-09-12 09:14:57','四川省','成都市',104.06792346,30.67994285,NULL,NULL),
(1911,'super','119.61.6.19','2020-12-07 18:53:14','北京市','北京市',116.40387397,39.91488908,NULL,NULL),
(1912,'super','119.61.6.19','2020-12-07 18:53:45','北京市','北京市',116.40387397,39.91488908,NULL,NULL),
(1913,'super','111.194.222.229','2020-12-07 20:34:20','北京市','北京市',116.40387397,39.91488908,NULL,NULL),
(1914,'super','111.194.220.102','2020-12-07 20:38:22','北京市','北京市',116.40387397,39.91488908,NULL,NULL),
(1915,'super','220.202.232.210','2020-12-07 21:47:00','湖南省','长沙市',112.97935279,28.21347823,NULL,NULL),
(1916,'super','220.202.232.210','2020-12-07 21:50:19','湖南省','长沙市',112.97935279,28.21347823,NULL,NULL),
(1917,'super','111.194.222.229','2020-12-07 21:57:11','北京市','北京市',116.40387397,39.91488908,NULL,NULL),
(1918,'super','119.61.6.19','2020-12-08 10:29:04','北京市','北京市',116.40387397,39.91488908,NULL,NULL),
(1920,'11111111111','119.61.6.19','2020-12-17 17:45:21','北京市','北京市',116.40387397,39.91488908,'Windows 10','Chrome 8'),
(1921,'10086','175.9.216.223','2020-12-18 11:37:13','湖南省','长沙市',112.97935279,28.21347823,'Android 1.x','Chrome Mobile'),
(1923,'11111111112','124.238.222.114','2020-12-19 12:07:56','河北省','廊坊市',116.70360222,39.51861063,'Windows 10','Chrome'),
(1934,'18888888888','124.238.222.114','2020-12-20 14:56:10','河北省','廊坊市',116.70360222,39.51861063,'Windows 10','Chrome'),
(1935,'11111111111','124.238.222.114','2020-12-20 14:59:01','河北省','廊坊市',116.70360222,39.51861063,'Windows 10','Chrome'),
(1936,'11111111111','124.238.222.114','2020-12-20 15:02:25','河北省','廊坊市',116.70360222,39.51861063,'Windows 10','Chrome'),
(1937,'18888888888','119.61.6.19','2020-12-21 12:06:41','北京市','北京市',116.40387397,39.91488908,'Windows 10','Internet Explorer 11'),
(1938,'18888888888','119.61.6.19','2020-12-21 12:06:55','北京市','北京市',116.40387397,39.91488908,'Windows 10','Chrome'),
(1939,'18888888888','119.61.6.19','2020-12-21 15:35:28','北京市','北京市',116.40387397,39.91488908,'Windows 10','Chrome'),
(1940,'18888888888','119.61.6.19','2020-12-21 15:35:28','北京市','北京市',116.40387397,39.91488908,'Windows 10','Chrome'),
(1941,'18888888888','119.61.6.19','2020-12-21 15:35:29','北京市','北京市',116.40387397,39.91488908,'Windows 10','Chrome'),
(1942,'18888888888','119.61.6.19','2020-12-21 15:37:38','北京市','北京市',116.40387397,39.91488908,'Windows 10','Chrome'),
(1943,'18888888888','119.61.6.19','2020-12-21 18:14:41','北京市','北京市',116.40387397,39.91488908,'Windows 10','Chrome'),
(1944,'18888888888','119.61.6.19','2020-12-22 17:05:21','北京市','北京市',116.40387397,39.91488908,'Windows 10','Chrome'),
(1945,'18888888888','119.61.6.19','2020-12-22 17:51:11','北京市','北京市',116.40387397,39.91488908,'Windows 10','Chrome 8'),
(1955,'11111111112','124.238.222.114','2020-12-27 08:54:17','河北省','廊坊市',116.70360222,39.51861063,'Windows 10','Chrome'),
(1956,'13222222222','219.137.53.215','2020-12-28 08:55:16','广东省','广州市',113.30764968,23.12004910,'Windows 10','Chrome 8'),
(1957,'11111111111','119.61.6.19','2020-12-28 09:02:47','北京市','北京市',116.40387397,39.91488908,'Windows 10','Chrome 8'),
(1958,'19999999991','119.61.6.19','2020-12-28 14:20:42','北京市','北京市',116.40387397,39.91488908,'Windows 10','Chrome 8'),
(1964,'18888888888','222.223.215.55','2021-01-05 08:36:22','河北省','石家庄市',114.52208184,38.04895831,'Windows 10','Chrome 8'),
(1976,'18888888888','119.61.6.18','2021-01-25 14:36:14','北京市','北京市',116.40387397,39.91488908,'Windows 10','Chrome 8'),
(1977,'18888888888','14.215.165.218','2021-01-25 14:44:23','广东省','广州市',113.30764968,23.12004910,'Windows 7','Chrome'),
(1978,'18888888888','119.61.6.18','2021-01-26 16:17:34','北京市','北京市',116.40387397,39.91488908,'Windows 10','Chrome 8'),
(1979,'18888888888','14.215.165.218','2021-01-26 16:18:50','广东省','广州市',113.30764968,23.12004910,'Windows 7','Chrome'),
(1994,'19999999277','119.61.6.18','2021-02-01 17:56:31','北京市','北京市',116.40387397,39.91488908,'Windows 10','Chrome 8'),
(1998,'13855556666','111.8.57.59','2021-02-02 10:35:09','湖南省','长沙市',112.97935279,28.21347823,'Windows 7','Chrome'),
(1999,'13855556666','119.61.6.18','2021-02-02 12:05:04','北京市','北京市',116.40387397,39.91488908,'Windows 10','Chrome 8'),
(2000,'12345678910','124.128.8.219','2021-02-02 13:54:07','山东省','济南市',117.02496707,36.68278473,'Windows 10','Chrome 8'),
(2001,'12345678900','123.161.148.72','2021-02-02 14:58:39','河南省','许昌市',113.83531246,34.02673959,'Android 1.x','Chrome Mobile'),
(2005,'18256946934','60.166.84.126','2021-02-03 12:18:21','安徽省','合肥市',117.28269909,31.86694226,'Windows 10','Chrome 8'),
(2006,'18888888888','119.61.6.18','2021-02-03 13:38:14','北京市','北京市',116.40387397,39.91488908,'Windows 10','Chrome 8'),
(2008,'18100000000','219.137.140.246','2021-02-03 14:13:28','广东省','广州市',113.30764968,23.12004910,'Windows 10','Chrome 8'),
(2010,'18888888888','119.61.6.18','2021-02-03 16:05:38','北京市','北京市',116.40387397,39.91488908,'Windows 10','Chrome 8'),
(2012,'13122222222','125.119.10.180','2021-02-03 16:26:05','浙江省','杭州市',120.21937542,30.25924446,'Windows 10','Chrome 8'),
(2013,'18888888888','119.61.6.18','2021-02-03 17:07:48','北京市','北京市',116.40387397,39.91488908,'Windows 10','Chrome 8'),
(2014,'13412345678','112.96.99.247','2021-02-03 17:15:30','广东省','深圳市',114.02597366,22.54605355,'Windows 10','Chrome 8'),
(2015,'18888888888','119.61.6.18','2021-02-03 17:35:45','北京市','北京市',116.40387397,39.91488908,'Windows 10','Chrome 8'),
(2016,'18888888888','119.61.6.18','2021-02-04 09:00:49','北京市','北京市',116.40387397,39.91488908,'Windows 10','Chrome 8'),
(2017,'18312161134','49.77.235.33','2021-02-04 10:08:32','江苏省','南京市',118.77807441,32.05723550,'Windows 10','Chrome 8'),
(2018,'12345678900','123.161.148.72','2021-02-04 13:46:52','河南省','许昌市',113.83531246,34.02673959,'Android 1.x','Chrome Mobile'),
(2019,'18888888888','119.61.6.18','2021-02-04 13:55:31','北京市','北京市',116.40387397,39.91488908,'Windows 10','Chrome 8'),
(2020,'18308288731','211.138.74.98','2021-02-04 14:01:32','青海省','西宁市',101.76792099,36.64073861,'Windows 10','Chrome 8'),
(2021,'18308288731','211.138.74.98','2021-02-04 14:24:04','青海省','西宁市',101.76792099,36.64073861,'Windows 10','Chrome 8'),
(2022,'18888888888','119.61.6.18','2021-02-04 14:24:35','北京市','北京市',116.40387397,39.91488908,'Windows 10','Chrome 8'),
(2023,'18308288731','211.138.74.98','2021-02-04 14:29:16','青海省','西宁市',101.76792099,36.64073861,'Windows 10','Firefox 8'),
(2024,'18308288731','211.138.74.98','2021-02-04 15:55:46','青海省','西宁市',101.76792099,36.64073861,'Windows 10','Firefox 8'),
(2025,'18308288731','211.138.74.98','2021-02-04 16:01:53','青海省','西宁市',101.76792099,36.64073861,'Windows 10','Chrome 8'),
(2026,'11111111112','119.61.6.18','2021-02-05 09:02:29','北京市','北京市',116.40387397,39.91488908,'Windows 10','Chrome 8'),
(2028,'13557033170','111.59.113.19','2021-02-05 11:33:28','广西壮族自治区','桂林市',110.26092015,25.26290125,'Windows 10','Chrome'),
(2029,'15250967868','223.67.13.120','2021-02-05 14:38:18','江苏省','泰州市',119.91960602,32.47605327,'Windows 10','Chrome 8'),
(2030,'13575619018','123.96.36.165','2021-02-05 14:43:00','浙江省','舟山市',122.16987210,30.03601030,'Windows 10','Chrome 8'),
(2031,'13575619018','123.96.36.165','2021-02-05 14:47:42','浙江省','舟山市',122.16987210,30.03601030,'Windows 10','Chrome 8'),
(2032,'18888888888','183.6.144.26','2021-02-05 15:17:49','广东省','广州市',113.30764968,23.12004910,'Windows 10','Chrome 8'),
(2033,'12345678900','125.44.27.146','2021-02-05 21:19:56','河南省','开封市',114.35164212,34.80185418,'Windows 10','Chrome'),
(2034,'17788992211','180.212.167.95','2021-02-06 11:26:33','天津市','天津市',117.21081309,39.14392990,'Windows 10','Chrome 8'),
(2035,'11111111112','119.61.6.18','2021-02-07 09:12:25','北京市','北京市',116.40387397,39.91488908,'Windows 10','Chrome 8'),
(2037,'13626055331','110.88.200.78','2021-02-07 15:31:55','福建省','泉州市',118.60036234,24.90165238,'Windows 10','Chrome 8'),
(2038,'17788992211','180.212.166.57','2021-02-08 10:45:18','天津市','天津市',117.21081309,39.14392990,'Windows 10','Chrome 8'),
(2039,'18888888888','111.179.237.76','2021-02-11 00:12:21','湖北省','黄冈市',114.90661805,30.44610894,'Mac OS X','Chrome 8'),
(2040,'18601357232','223.72.62.213','2021-02-13 13:37:27','北京市','北京市',116.40387397,39.91488908,'Windows 10','Chrome 8'),
(2041,'15931162163','61.182.224.167','2021-02-15 09:47:50','河北省','石家庄市',114.52208184,38.04895831,'Windows 10','Chrome 8'),
(2042,'15838466050','182.126.169.235','2021-02-15 15:38:28','河南省','南阳市',112.54284190,33.01141957,'Windows 10','Chrome 8'),
(2043,'18898618897','110.53.77.99','2021-02-17 10:39:32','湖南省','衡阳市',112.58381881,26.89816442,'Windows 10','Chrome 8'),
(2044,'18898618897','119.61.6.18','2021-02-18 11:26:36','北京市','北京市',116.40387397,39.91488908,'Windows 10','Chrome 8'),
(2046,'11111111111','221.233.193.47','2021-02-18 17:34:11','湖北省','孝感市',113.93573439,30.92795478,'Windows 10','Chrome 8'),
(2047,'18888888888','110.251.109.42','2021-02-18 18:55:19','河北省','廊坊市',116.70360222,39.51861063,'Windows 10','Chrome 8'),
(2048,'11111111111','119.61.6.18','2021-02-19 09:08:14','北京市','北京市',116.40387397,39.91488908,'Windows 10','Chrome 8'),
(2049,'18862976760','49.67.182.86','2021-02-19 09:12:15','江苏省','南通市',120.87380095,32.01466454,'Windows 10','Chrome 8'),
(2050,'13983943231','113.206.16.19','2021-02-19 17:19:10','重庆市','重庆市',106.53063501,29.54460611,'Windows 10','Chrome 8'),
(2051,'13983943231','119.61.6.18','2021-02-23 10:46:26','北京市','北京市',116.40387397,39.91488908,'Windows 10','Chrome 8'),
(2053,'13983943231','119.61.6.18','2021-02-23 11:05:51','北京市','北京市',116.40387397,39.91488908,'Windows 10','Chrome 8'),
(2054,'13983943231','119.61.6.18','2021-02-23 11:06:23','北京市','北京市',116.40387397,39.91488908,'Windows 10','Chrome 8'),
(2055,'19999999235','119.61.6.18','2021-02-25 09:00:04','北京市','北京市',116.40387397,39.91488908,'Windows 10','Chrome 8'),
(2056,'13557033170','111.59.113.19','2021-02-25 09:02:24','广西壮族自治区','桂林市',110.26092015,25.26290125,'Windows 10','Chrome'),
(2057,'15603166666','124.193.98.160','2021-02-25 09:06:52','北京市','北京市',116.40387397,39.91488908,'Windows 7','Chrome 8'),
(2058,'17665020676','117.158.211.26','2021-02-25 10:01:36','河南省','郑州市',113.64964385,34.75661006,'Windows 10','Chrome 8'),
(2059,'18681185195','113.102.241.93','2021-02-26 10:44:17','广东省','东莞市',113.76343399,23.04302382,'Windows 10','Chrome 8'),
(2060,'17561652734','124.135.90.89','2021-02-27 14:46:20','山东省','青岛市',120.38442818,36.10521490,'Windows 10','Chrome 8'),
(2061,'12312312312','117.188.169.96','2021-02-27 15:54:06','贵州省','毕节市',105.30049203,27.30261152,'Mac OS X (iPhone)','Apple WebKit'),
(2062,'15852025852','123.160.235.68','2021-03-01 16:13:24','河南省','郑州市',113.64964385,34.75661006,'Windows 7','Chrome 8'),
(2063,'18011111111','219.159.152.120','2021-03-03 15:48:09','广西壮族自治区','南宁市',108.29723356,22.80649294,'Windows 7','Chrome 8'),
(2064,'18011111111','219.159.152.120','2021-03-03 15:50:46','广西壮族自治区','南宁市',108.29723356,22.80649294,'Windows 7','Chrome 8'),
(2065,'18011111111','119.61.6.18','2021-03-04 08:57:46','北京市','北京市',116.40387397,39.91488908,'Windows 10','Chrome 8'),
(2066,'13685241731','218.93.1.86','2021-03-04 08:58:49','江苏省','常州市',119.98186101,31.77139674,'Windows 10','Chrome 8'),
(2067,'18011111111','119.61.6.18','2021-03-04 08:59:20','北京市','北京市',116.40387397,39.91488908,'Windows 10','Chrome 8'),
(2068,'18888888888','125.115.255.97','2021-03-04 16:05:31','浙江省','宁波市',121.57900597,29.88525897,'Windows 10','Chrome 8'),
(2069,'18205189051','58.213.23.242','2021-03-05 13:06:28','江苏省','南京市',118.77807441,32.05723550,'Windows 10','Chrome 8'),
(2070,'18205183255','112.20.76.178','2021-03-08 21:29:18','江苏省','南京市',118.77807441,32.05723550,'Windows 10','Chrome 8'),
(2071,'18205183255','119.61.6.18','2021-03-09 12:04:20','北京市','北京市',116.40387397,39.91488908,'Windows 10','Chrome 8'),
(2072,'18445678904','116.30.193.108','2021-03-09 15:27:49','广东省','深圳市',114.02597366,22.54605355,'Windows 10','Chrome 8'),
(2074,'18312161134','180.111.106.40','2021-03-10 08:26:09','江苏省','苏州市',120.61990712,31.31798737,'Windows 10','Chrome 8'),
(2075,'18036469165','58.216.184.236','2021-03-10 09:08:58','江苏省','常州市',119.98186101,31.77139674,'Windows 10','Chrome 8'),
(2076,'18036469165','58.216.184.236','2021-03-10 09:56:19','江苏省','常州市',119.98186101,31.77139674,'Windows 10','Chrome 8'),
(2078,'17610772988','218.9.124.214','2021-03-10 12:19:23','黑龙江省','哈尔滨市',126.65771686,45.77322463,'Windows 10','Chrome 8'),
(2079,'12312312312','119.61.6.18','2021-03-10 14:48:03','北京市','北京市',116.40387397,39.91488908,'Windows 10','Chrome 8'),
(2080,'19963859196','39.71.40.118','2021-03-10 15:07:43','山东省','济南市',117.02496707,36.68278473,'Windows 10','Chrome'),
(2084,'19963859196','119.61.6.18','2021-03-10 17:14:00','北京市','北京市',116.40387397,39.91488908,'Windows 10','Chrome 8'),
(2085,'19963859196','119.61.6.18','2021-03-10 17:18:43','北京市','北京市',116.40387397,39.91488908,'Windows 10','Chrome 8'),
(2086,'15151079418','112.82.53.228','2021-03-10 18:15:36','江苏省','盐城市',120.14887182,33.37986188,'Windows 7','Chrome'),
(2087,'15151079418','119.61.6.18','2021-03-11 12:07:35','北京市','北京市',116.40387397,39.91488908,'Windows 10','Chrome 8'),
(2088,'15903322722','101.39.39.246','2021-03-11 12:15:45','河北省','',115.66143362,38.61383975,'Windows 10','Chrome'),
(2089,'13612646666','223.104.63.118','2021-03-11 12:18:29','广东省','广州市',113.30764968,23.12004910,'Mac OS X (iPhone)','Apple WebKit'),
(2090,'15660294230','106.56.25.184','2021-03-11 15:22:45','云南省','保山市',99.17799561,25.12048920,'Windows 10','Chrome 8'),
(2091,'15660294230','106.56.25.184','2021-03-11 15:31:52','云南省','保山市',99.17799561,25.12048920,'Windows 10','Chrome 8'),
(2092,'18036469165','58.216.184.236','2021-03-11 16:08:56','江苏省','常州市',119.98186101,31.77139674,'Windows 10','Chrome 8'),
(2093,'17630910583','220.114.193.91','2021-03-12 10:44:01','河南省','郑州市',113.64964385,34.75661006,'Windows 10','Chrome 8'),
(2094,'17775305017','112.32.128.83','2021-03-12 15:17:32','安徽省','合肥市',117.28269909,31.86694226,'Windows 10','Chrome 8'),
(2095,'17775305017','119.61.6.18','2021-03-12 17:31:58','北京市','北京市',116.40387397,39.91488908,'Windows 10','Chrome 8'),
(2096,'13915078771','58.210.60.214','2021-03-15 13:49:34','江苏省','苏州市',120.61990712,31.31798737,'Windows 10','Chrome 8'),
(2097,'13611111111','113.116.6.149','2021-03-15 15:01:58','广东省','深圳市',114.02597366,22.54605355,'Windows 10','Chrome'),
(2098,'13611111111','119.61.6.18','2021-03-16 10:58:11','北京市','北京市',116.40387397,39.91488908,'Windows 10','Chrome 8'),
(2099,'13262127683','42.226.9.200','2021-03-16 12:57:43','河南省','新乡市',113.91269016,35.30725756,'Windows 10','Chrome 8'),
(2100,'13654254654','113.235.123.177','2021-03-16 14:57:56','辽宁省','大连市',121.59347778,38.94870994,'Windows 10','Firefox'),
(2101,'18888888888','119.61.6.18','2021-03-17 09:14:23','北京市','北京市',116.40387397,39.91488908,'Windows 10','Chrome 8'),
(2102,'13140075039','219.157.166.243','2021-03-17 09:17:55','河南省','郑州市',113.64964385,34.75661006,'Windows 10','Microsoft Edge'),
(2103,'13140075039','219.157.166.243','2021-03-17 09:29:16','河南省','郑州市',113.64964385,34.75661006,'Windows 10','Microsoft Edge'),
(2104,'18888888888','119.61.6.18','2021-03-17 15:34:52','北京市','北京市',116.40387397,39.91488908,'Windows 10','Chrome 8'),
(2105,'12311111112','125.47.72.69','2021-03-17 17:18:28','河南省','郑州市',113.64964385,34.75661006,'Windows 10','Chrome'),
(2106,'15166666666','111.75.0.211','2021-03-17 23:07:54','江西省','南昌市',115.89352755,28.68957800,'Windows 10','Chrome 8'),
(2107,'13140075039','61.52.131.192','2021-03-18 10:15:45','河南省','郑州市',113.64964385,34.75661006,'Windows 10','Chrome 8'),
(2108,'15555555555','119.61.6.18','2021-03-18 11:46:56','北京市','北京市',116.40387397,39.91488908,'Windows 10','Chrome 8'),
(2109,'18888888888','119.61.6.18','2021-03-18 11:47:11','北京市','北京市',116.40387397,39.91488908,'Windows 10','Chrome 8'),
(2115,'18926060000','119.145.28.230','2021-03-18 14:10:59','广东省','深圳市',114.02597366,22.54605355,'Windows 10','Chrome 8'),
(2118,'13612646666','120.236.218.102','2021-03-18 16:11:02','广东省','广州市',113.30764968,23.12004910,'Windows 10','Chrome 8'),
(2119,'15055667788','39.144.38.149','2021-03-18 16:12:33','安徽省','合肥市',117.28269909,31.86694226,'Android 1.x','Chrome Mobile'),
(2120,'12355551111','61.163.144.105','2021-03-18 17:04:56','河南省','郑州市',113.64964385,34.75661006,'Windows 10','Chrome'),
(2121,'13111111111','123.14.254.254','2021-03-18 17:32:18','河南省','郑州市',113.64964385,34.75661006,'Windows 10','Chrome 8'),
(2122,'13618285872','222.178.41.82','2021-03-18 17:43:24','重庆市','重庆市',106.53063501,29.54460611,'Windows 10','Chrome'),
(2123,'13541514611','222.210.136.252','2021-03-18 22:26:07','四川省','成都市',104.06792346,30.67994285,'Windows 10','Chrome 9'),
(2124,'18312161134','180.102.201.134','2021-03-19 07:19:49','江苏省','南京市',118.77807441,32.05723550,'Windows 10','Chrome 8'),
(2126,'10000000002','119.61.6.18','2021-03-19 09:52:54','北京市','北京市',116.40387397,39.91488908,'Windows 10','Chrome 8'),
(2134,'13612646666','120.236.218.102','2021-03-19 14:25:05','广东省','广州市',113.30764968,23.12004910,'Windows 10','Chrome 8'),
(2137,'18888888888','119.61.6.18','2021-03-19 15:11:24','北京市','北京市',116.40387397,39.91488908,'Windows 10','Chrome 8'),
(2138,'15266987458','117.131.145.95','2021-03-19 15:37:38','天津市','天津市',117.21081309,39.14392990,'Windows 10','Internet Explorer 11'),
(2139,'13541514611','119.61.6.18','2021-03-19 17:05:07','北京市','北京市',116.40387397,39.91488908,'Windows 10','Chrome 8'),
(2140,'15219603961','119.133.5.142','2021-03-20 14:16:28','广东省','江门市',113.07812534,22.57511678,'Windows 10','Chrome'),
(2141,'15676170023','121.31.15.22','2021-03-20 16:16:08','广西壮族自治区','南宁市',108.29723356,22.80649294,'Windows 10','Chrome 8'),
(2142,'18888888888','119.61.6.18','2021-03-22 09:51:12','北京市','北京市',116.40387397,39.91488908,'Windows 10','Chrome 8'),
(2143,'18888888888','119.61.6.18','2021-03-22 09:59:54','北京市','北京市',116.40387397,39.91488908,'Windows 10','Chrome 8'),
(2144,'18888888888','119.61.6.18','2021-03-22 10:02:23','北京市','北京市',116.40387397,39.91488908,'Windows 10','Chrome 8'),
(2149,'18312161134','180.102.201.134','2021-03-22 10:13:07','江苏省','南京市',118.77807441,32.05723550,'Windows 10','Chrome 8'),
(2150,'15676170023','119.61.6.18','2021-03-22 18:11:03','北京市','北京市',116.40387397,39.91488908,'Windows 10','Chrome 8'),
(2151,'13951026150','114.222.150.248','2021-03-23 11:27:23','江苏省','南京市',118.77807441,32.05723550,'Windows 10','Chrome 8'),
(2152,'15676170023','119.61.6.18','2021-03-23 15:29:30','北京市','北京市',116.40387397,39.91488908,'Windows 10','Chrome 8'),
(2153,'18841024329','223.104.236.226','2021-03-23 17:14:12','辽宁省','沈阳市',123.43279092,41.80864478,'Windows 10','Chrome 8'),
(2154,'18841024329','223.104.236.226','2021-03-23 17:14:14','辽宁省','沈阳市',123.43279092,41.80864478,'Windows 10','Chrome 8'),
(2155,'18841024329','223.104.236.226','2021-03-23 17:14:14','辽宁省','沈阳市',123.43279092,41.80864478,'Windows 10','Chrome 8'),
(2156,'18841024329','223.104.236.226','2021-03-23 17:14:15','辽宁省','沈阳市',123.43279092,41.80864478,'Windows 10','Chrome 8'),
(2157,'18888888888','119.61.6.18','2021-03-23 18:25:39','北京市','北京市',116.40387397,39.91488908,'Windows 10','Chrome 8'),
(2158,'15051566908','222.92.197.235','2021-03-24 09:00:55','江苏省','苏州市',120.61990712,31.31798737,'Windows 10','Chrome 8'),
(2159,'18888888888','119.61.6.18','2021-03-24 10:19:42','北京市','北京市',116.40387397,39.91488908,'Windows 10','Chrome 8'),
(2160,'15161496999','117.89.103.3','2021-03-24 10:32:11','江苏省','南京市',118.77807441,32.05723550,'Windows 10','Chrome 8'),
(2161,'15161496999','117.89.103.3','2021-03-24 10:37:12','江苏省','南京市',118.77807441,32.05723550,'Windows 10','Chrome 8'),
(2162,'18888888888','119.61.6.18','2021-03-24 16:00:05','北京市','北京市',116.40387397,39.91488908,'Windows 10','Chrome 8'),
(2163,'18888888888','119.61.6.18','2021-03-24 16:01:12','北京市','北京市',116.40387397,39.91488908,'Windows 10','Chrome 8'),
(2164,'17772420618','183.228.227.20','2021-03-24 17:26:57','重庆市','重庆市',106.53063501,29.54460611,'Windows 10','Chrome 8'),
(2165,'18888888888','119.61.6.18','2021-03-24 17:50:35','北京市','北京市',116.40387397,39.91488908,'Windows 10','Chrome 8'),
(2166,'17772420618','119.61.6.18','2021-03-25 08:52:44','北京市','北京市',116.40387397,39.91488908,'Windows 10','Chrome 8'),
(2167,'13915078771','58.210.60.214','2021-03-25 14:34:07','江苏省','苏州市',120.61990712,31.31798737,'Windows 10','Chrome 8'),
(2168,'13915078771','58.210.60.214','2021-03-25 14:37:56','江苏省','苏州市',120.61990712,31.31798737,'Windows 10','Chrome 8'),
(2169,'15677778888','124.42.50.18','2021-03-25 15:05:09','北京市','北京市',116.40387397,39.91488908,'Windows 10','Chrome 8'),
(2170,'17772420618','119.61.6.18','2021-03-25 18:03:49','北京市','北京市',116.40387397,39.91488908,'Windows 10','Chrome 8'),
(2171,'15622223333','171.212.171.73','2021-03-26 12:56:34','四川省','成都市',104.06792346,30.67994285,'Windows 7','Chrome'),
(2172,'18888888888','119.61.6.18','2021-03-26 14:32:27','北京市','北京市',116.40387397,39.91488908,'Windows 10','Chrome 8'),
(2177,'15690602034','117.159.15.221','2021-03-27 18:54:00','河南省','郑州市',113.64964385,34.75661006,'Windows 10','Chrome 8'),
(2178,'18571599755','1.203.66.23','2021-03-27 22:34:09','北京市','北京市',116.40387397,39.91488908,'Windows 10','Chrome 8'),
(2179,'15690602034','119.61.6.18','2021-03-29 09:35:16','北京市','北京市',116.40387397,39.91488908,'Windows 10','Chrome 8'),
(2180,'15555555555','119.61.6.18','2021-03-29 09:44:12','北京市','北京市',116.40387397,39.91488908,'Windows 10','Chrome 8'),
(2181,'11111111113','119.61.6.18','2021-03-29 09:44:30','北京市','北京市',116.40387397,39.91488908,'Windows 10','Chrome 8'),
(2182,'11111111113','119.61.6.18','2021-03-29 10:00:20','北京市','北京市',116.40387397,39.91488908,'Windows 10','Chrome 8'),
(2183,'13155851338','124.64.19.30','2021-03-29 16:02:55','北京市','北京市',116.40387397,39.91488908,'Windows 10','Chrome'),
(2184,'13155851338','119.61.6.18','2021-03-29 16:28:55','北京市','北京市',116.40387397,39.91488908,'Windows 10','Chrome 8'),
(2185,'13366666666','171.217.58.125','2021-03-29 17:19:50','四川省','成都市',104.06792346,30.67994285,'Windows 7','Chrome'),
(2186,'18135770094','117.159.15.221','2021-03-29 22:17:45','河南省','郑州市',113.64964385,34.75661006,'Windows 10','Chrome 8'),
(2187,'18135770094','119.61.6.18','2021-03-30 10:55:56','北京市','北京市',116.40387397,39.91488908,'Windows 10','Chrome 8'),
(2188,'18135770094','119.61.6.18','2021-03-30 11:03:24','北京市','北京市',116.40387397,39.91488908,'Windows 10','Chrome 8'),
(2192,'13122222221','59.42.207.210','2021-03-31 09:39:41','广东省','广州市',113.30764968,23.12004910,'Windows 10','Chrome 8'),
(2193,'17712345678','219.155.90.175','2021-03-31 10:13:35','河南省','郑州市',113.64964385,34.75661006,'Windows 10','Chrome 8'),
(2194,'13512345678','175.8.213.194','2021-03-31 10:27:33','湖南省','长沙市',112.97935279,28.21347823,'Windows 10','Firefox 8'),
(2195,'19999999256','119.61.6.18','2021-04-01 08:22:37','北京市','北京市',116.40387397,39.91488908,'Windows 10','Chrome 8'),
(2196,'13959532696','120.36.25.58','2021-04-01 22:48:22','福建省','福州市',119.33022111,26.04712550,'Windows 10','Chrome 8'),
(2197,'15690602034','119.61.6.18','2021-04-02 08:16:03','北京市','北京市',116.40387397,39.91488908,'Windows 10','Chrome 8'),
(2203,'15365166563','112.2.251.167','2021-04-02 15:00:38','江苏省','南京市',118.77807441,32.05723550,'Windows 10','Chrome 8'),
(2204,'18888888888','222.82.235.66','2021-04-02 16:11:55','新疆维吾尔自治区','乌鲁木齐市',87.56498774,43.84038035,'Windows 10','Chrome 8'),
(2205,'18339570571','125.41.236.89','2021-04-02 17:27:50','河南省','郑州市',113.64964385,34.75661006,'Windows 10','Chrome 8'),
(2206,'18339570571','119.61.6.18','2021-04-02 18:01:15','北京市','北京市',116.40387397,39.91488908,'Windows 10','Chrome 8'),
(2207,'18888888888','119.61.6.18','2021-04-02 18:05:47','北京市','北京市',116.40387397,39.91488908,'Windows 10','Chrome 8'),
(2208,'13311223344','183.157.118.89','2021-04-02 19:00:09','浙江省','杭州市',120.21937542,30.25924446,'Windows 10','Firefox 8'),
(2209,'15086600557','222.209.155.113','2021-04-02 20:03:24','四川省','成都市',104.06792346,30.67994285,'Windows 10','Chrome'),
(2210,'18315097713','209.141.53.254','2021-04-03 20:48:15',NULL,NULL,NULL,NULL,'Windows 10','Chrome 8'),
(2211,'18315097713','209.141.53.254','2021-04-04 11:35:24',NULL,NULL,NULL,NULL,'Windows 10','Chrome 8'),
(2212,'17612005708','112.97.180.59','2021-04-06 00:25:54','广东省','东莞市',113.76343399,23.04302382,'Android Mobile','Chrome Mobile'),
(2213,'15201473146','124.205.213.98','2021-04-06 09:34:21','北京市','北京市',116.40387397,39.91488908,'Windows 10','Chrome 8'),
(2214,'13855556666','119.61.6.18','2021-04-06 09:36:48','北京市','北京市',116.40387397,39.91488908,'Windows 10','Chrome 8'),
(2215,'18588428085','119.123.132.211','2021-04-06 10:20:29','广东省','深圳市',114.02597366,22.54605355,'Windows 10','Chrome'),
(2216,'13228400178','111.161.162.116','2021-04-06 10:26:49','天津市','天津市',117.21081309,39.14392990,'Windows 10','Internet Explorer 11'),
(2217,'18888888888','222.82.235.66','2021-04-06 10:36:24','新疆维吾尔自治区','乌鲁木齐市',87.56498774,43.84038035,'Windows 10','Chrome 8'),
(2218,'18888888888','222.82.235.66','2021-04-06 12:51:34','新疆维吾尔自治区','乌鲁木齐市',87.56498774,43.84038035,'Windows 10','Chrome 8'),
(2219,'18888888888','222.82.235.66','2021-04-06 12:51:51','新疆维吾尔自治区','乌鲁木齐市',87.56498774,43.84038035,'Windows 10','Chrome 8'),
(2220,'18888888888','222.82.235.66','2021-04-06 12:52:02','新疆维吾尔自治区','乌鲁木齐市',87.56498774,43.84038035,'Windows 10','Chrome 8'),
(2221,'13228400178','119.61.6.18','2021-04-06 13:59:00','北京市','北京市',116.40387397,39.91488908,'Windows 10','Chrome 8'),
(2222,'13228400178','111.161.158.73','2021-04-06 15:11:28','天津市','天津市',117.21081309,39.14392990,'Windows 10','Chrome 8'),
(2223,'13228400178','119.61.6.18','2021-04-06 15:35:24','北京市','北京市',116.40387397,39.91488908,'Windows 10','Chrome 8'),
(2224,'18888888888','222.82.235.66','2021-04-06 15:52:38','新疆维吾尔自治区','乌鲁木齐市',87.56498774,43.84038035,'Windows 10','Chrome 8'),
(2225,'18888888888','222.82.235.66','2021-04-06 21:03:50','新疆维吾尔自治区','乌鲁木齐市',87.56498774,43.84038035,'Windows 10','Chrome 8'),
(2226,'18135770094','119.61.6.18','2021-04-07 08:36:21','北京市','北京市',116.40387397,39.91488908,'Windows 10','Chrome 8'),
(2227,'13228400178','119.61.6.18','2021-04-07 10:37:50','北京市','北京市',116.40387397,39.91488908,'Windows 10','Chrome 8'),
(2228,'18888888888','222.82.235.66','2021-04-07 11:09:43','新疆维吾尔自治区','乌鲁木齐市',87.56498774,43.84038035,'Windows 10','Chrome 8'),
(2229,'13201027895','119.61.6.18','2021-04-07 13:52:02','北京市','北京市',116.40387397,39.91488908,'Windows 10','Chrome 8'),
(2240,'19999999233','119.61.6.18','2021-04-07 18:10:13','北京市','北京市',116.40387397,39.91488908,'Windows 10','Chrome 8'),
(2241,'19999999233','119.61.6.18','2021-04-07 18:17:36','北京市','北京市',116.40387397,39.91488908,'Windows 10','Chrome 8'),
(2242,'18723778989','182.149.198.227','2021-04-07 18:55:21','四川省','成都市',104.06792346,30.67994285,'Windows 10','Firefox 8'),
(2243,'18600000000','120.244.200.48','2021-04-07 21:00:06','北京市','北京市',116.40387397,39.91488908,'Windows 10','Chrome 8'),
(2244,'13367730264','116.1.22.150','2021-04-08 07:24:20','广西壮族自治区','桂林市',110.26092015,25.26290125,'Windows 10','Chrome 8'),
(2245,'13367730264','116.1.22.150','2021-04-08 07:40:26','广西壮族自治区','桂林市',110.26092015,25.26290125,'Windows 10','Chrome 8'),
(2246,'19999999277','119.61.6.18','2021-04-08 08:26:16','北京市','北京市',116.40387397,39.91488908,'Windows 10','Chrome 8'),
(2247,'18339570571','119.61.6.18','2021-04-08 10:30:43','北京市','北京市',116.40387397,39.91488908,'Windows 10','Chrome 8'),
(2248,'19963859196','39.71.40.118','2021-04-08 10:58:45','山东省','济南市',117.02496707,36.68278473,'Windows 10','Chrome'),
(2249,'18888888888','222.82.235.66','2021-04-08 11:03:41','新疆维吾尔自治区','乌鲁木齐市',87.56498774,43.84038035,'Windows 10','Chrome 8'),
(2250,'18888888888','119.61.6.18','2021-04-08 13:15:49','北京市','北京市',116.40387397,39.91488908,'Windows 10','Chrome 8'),
(2251,'18846427282','121.238.157.172','2021-04-08 20:57:17','江苏省','苏州市',120.61990712,31.31798737,'Windows 10','Microsoft Edge'),
(2252,'17633345333','60.1.182.178','2021-04-09 08:58:18','河北省','石家庄市',114.52208184,38.04895831,'Windows 10','Chrome 8'),
(2253,'17633345333','60.1.182.178','2021-04-09 09:07:18','河北省','石家庄市',114.52208184,38.04895831,'Windows 10','Chrome 8'),
(2254,'15877708086','14.204.20.253','2021-04-09 12:21:01','云南省','昆明市',102.71460114,25.04915310,'Windows 10','Chrome 9'),
(2255,'15812111417','222.172.135.243','2021-04-09 13:37:59','云南省','昆明市',102.71460114,25.04915310,'Windows 10','Chrome 8'),
(2256,'17864123527','39.78.16.160','2021-04-09 13:41:42','山东省','济南市',117.02496707,36.68278473,'Windows 10','Chrome 8'),
(2257,'18260369300','117.87.203.109','2021-04-09 13:48:53','江苏省','徐州市',117.18810662,34.27155343,'Windows 10','Chrome 8'),
(2258,'13201027895','119.61.6.18','2021-04-09 13:52:51','北京市','北京市',116.40387397,39.91488908,'Windows 10','Chrome 8'),
(2259,'18888888888','119.61.6.18','2021-04-09 15:24:42','北京市','北京市',116.40387397,39.91488908,'Windows 10','Chrome 8'),
(2261,'18888888888','119.61.6.18','2021-04-12 08:27:08','北京市','北京市',116.40387397,39.91488908,'Windows 10','Chrome 8'),
(2262,'18888888888','119.61.6.18','2021-04-12 11:00:39','北京市','北京市',116.40387397,39.91488908,'Windows 10','Chrome 8'),
(2263,'13222221111','171.15.17.161','2021-04-12 16:19:35','河南省','郑州市',113.64964385,34.75661006,'Windows 10','Chrome 8'),
(2264,'13222221111','119.61.6.18','2021-04-13 13:44:08','北京市','北京市',116.40387397,39.91488908,'Windows 10','Chrome 8'),
(2265,'13221254478','60.17.4.136','2021-04-13 14:36:33','辽宁省','沈阳市',123.43279092,41.80864478,'Windows 10','Microsoft Edge'),
(2266,'15888888888','171.15.166.127','2021-04-13 14:37:53','河南省','郑州市',113.64964385,34.75661006,'Windows 10','Chrome 8'),
(2267,'13557033170','111.59.113.19','2021-04-13 14:38:12','广西壮族自治区','桂林市',110.26092015,25.26290125,'Windows 10','Chrome'),
(2268,'18250842135','117.28.112.151','2021-04-13 14:38:21','福建省','厦门市',118.10388605,24.48923061,'Windows 7','Chrome'),
(2269,'13093523120','58.48.198.246','2021-04-13 14:39:21','湖北省','武汉市',114.31620010,30.58108413,'Windows 10','Chrome 9'),
(2270,'15718898819','121.69.86.170','2021-04-13 14:42:02','北京市','北京市',116.40387397,39.91488908,'Windows 7','Chrome'),
(2271,'13131313131','218.68.107.68','2021-04-13 14:43:39','天津市','天津市',117.21081309,39.14392990,'Windows 10','Chrome 8'),
(2272,'11112211112','119.123.196.82','2021-04-13 14:45:23','广东省','深圳市',114.02597366,22.54605355,'Windows 7','Chrome 8'),
(2273,'12345678541','171.34.52.76','2021-04-13 14:48:30','江西省','南昌市',115.89352755,28.68957800,'Windows 10','Chrome 8'),
(2274,'15201473146','119.61.6.18','2021-04-13 14:48:59','北京市','北京市',116.40387397,39.91488908,'Windows 10','Chrome 8'),
(2275,'12345678999','61.144.97.77','2021-04-13 14:50:26','广东省','广州市',113.30764968,23.12004910,'Windows 10','Chrome 8'),
(2276,'18056998072','114.221.202.179','2021-04-13 14:52:18','江苏省','南京市',118.77807441,32.05723550,'Windows 10','Chrome 8'),
(2277,'15553726531','222.173.28.150','2021-04-13 15:10:48','山东省','济南市',117.02496707,36.68278473,'Windows 10','Chrome 8'),
(2278,'13131313132','218.68.107.68','2021-04-13 15:18:54','天津市','天津市',117.21081309,39.14392990,'Windows 10','Chrome 8'),
(2279,'17784418675','36.112.173.18','2021-04-13 16:31:13','北京市','北京市',116.40387397,39.91488908,'Windows 10','Chrome 8'),
(2280,'18003763878','123.54.92.161','2021-04-14 08:30:18','河南省','信阳市',114.08549099,32.12858231,'Mac OS X (iPhone)','Apple WebKit'),
(2281,'18003763878','123.54.92.161','2021-04-14 08:52:49','河南省','信阳市',114.08549099,32.12858231,'Windows 10','Chrome 8'),
(2282,'18175760277','116.21.70.93','2021-04-14 09:37:20','广东省','广州市',113.30764968,23.12004910,'Windows 10','Chrome 8'),
(2283,'13236604627','113.225.188.77','2021-04-14 11:31:16','辽宁省','沈阳市',123.43279092,41.80864478,'Mac OS X','Chrome 8'),
(2284,'15211730466','222.171.7.78','2021-04-14 14:00:22','黑龙江省','哈尔滨市',126.65771686,45.77322463,'Mac OS X (iPad)','Apple WebKit'),
(2285,'15243645120','223.104.130.96','2021-04-14 15:36:30',NULL,NULL,NULL,NULL,'Windows 10','Chrome 8'),
(2286,'18003763878','171.11.124.234','2021-04-14 22:15:30','河南省','信阳市',114.08549099,32.12858231,'Mac OS X (iPhone)','Apple WebKit'),
(2287,'15216698792','112.64.119.177','2021-04-15 15:36:11','上海市','上海市',121.48789949,31.24916171,'Windows 10','Chrome'),
(2288,'13236604627','113.225.188.77','2021-04-15 16:48:00','辽宁省','沈阳市',123.43279092,41.80864478,'Mac OS X','Chrome 8'),
(2289,'13201027895','119.61.6.18','2021-04-15 16:55:23','北京市','北京市',116.40387397,39.91488908,'Windows 10','Chrome 8'),
(2290,'15195405564','114.238.76.165','2021-04-15 17:02:13','江苏省','淮安市',119.03018636,33.60651274,'Windows 10','Chrome 8'),
(2291,'18897727312','116.253.117.36','2021-04-16 02:10:36','广西壮族自治区','柳州市',109.42240181,24.32905335,'Windows 10','Chrome'),
(2292,'15195405564','114.238.76.165','2021-04-16 09:32:58','江苏省','淮安市',119.03018636,33.60651274,'Windows 10','Chrome 8'),
(2293,'13750776117','114.238.76.165','2021-04-16 09:33:53','江苏省','淮安市',119.03018636,33.60651274,'Windows 10','Chrome 8'),
(2294,'18888888888','222.82.235.66','2021-04-16 10:27:17','新疆维吾尔自治区','乌鲁木齐市',87.56498774,43.84038035,'Windows 10','Chrome 8'),
(2295,'17376761510','14.24.198.56','2021-04-16 19:47:55','广东省','广州市',113.30764968,23.12004910,'Windows 10','Chrome 8'),
(2296,'17376761510','14.24.198.56','2021-04-16 19:47:55','广东省','广州市',113.30764968,23.12004910,'Windows 10','Chrome 8'),
(2297,'13888888888','183.212.171.210','2021-04-17 22:35:54','江苏省','南京市',118.77807441,32.05723550,'Windows 10','Chrome 8'),
(2298,'15926412345','117.151.89.15','2021-04-18 16:27:27','湖北省','武汉市',114.31620010,30.58108413,'Windows 10','Chrome 8'),
(2299,'15195405564','121.234.214.54','2021-04-19 11:19:49','江苏省','淮安市',119.03018636,33.60651274,'Windows 10','Chrome 8'),
(2300,'13750776117','121.234.214.54','2021-04-19 11:20:09','江苏省','淮安市',119.03018636,33.60651274,'Windows 10','Chrome 8'),
(2301,'17602071401','14.145.146.12','2021-04-19 14:05:24','广东省','广州市',113.30764968,23.12004910,'Windows 10','Chrome 9'),
(2302,'18888888888','119.61.6.18','2021-04-19 14:28:23','北京市','北京市',116.40387397,39.91488908,'Windows 10','Chrome 8'),
(2303,'16666666666','119.61.6.18','2021-04-19 14:36:35','北京市','北京市',116.40387397,39.91488908,'Windows 10','Chrome 8'),
(2304,'16666666667','119.61.6.18','2021-04-19 14:37:15','北京市','北京市',116.40387397,39.91488908,'Windows 10','Chrome 8'),
(2305,'13552724112','14.156.33.31','2021-04-19 16:03:58','广东省','东莞市',113.76343399,23.04302382,'Windows 10','Chrome 8'),
(2306,'13552724112','14.156.33.31','2021-04-19 16:10:41',NULL,NULL,NULL,NULL,'Windows 10','Chrome 8'),
(2307,'13552724112','14.156.33.31','2021-04-19 16:29:35','广东省','东莞市',113.76343399,23.04302382,'Windows 10','Chrome 8'),
(2308,'13552724112','14.156.33.31','2021-04-19 19:26:48','广东省','东莞市',113.76343399,23.04302382,'Windows 10','Chrome 8'),
(2309,'13552724112','14.156.33.31','2021-04-19 19:51:03','广东省','东莞市',113.76343399,23.04302382,'Windows 10','Chrome 8'),
(2310,'15926412345','117.151.89.96','2021-04-19 22:52:01','湖北省','武汉市',114.31620010,30.58108413,'Windows 10','Chrome 8'),
(2311,'15926412345','117.151.89.96','2021-04-19 22:59:27','湖北省','武汉市',114.31620010,30.58108413,'Windows 10','Chrome 8'),
(2312,'16621065412','180.171.237.184','2021-04-20 11:49:57','上海市','上海市',121.48789949,31.24916171,'Windows 10','Chrome 8'),
(2313,'16621065412','119.61.6.18','2021-04-21 10:41:46','北京市','北京市',116.40387397,39.91488908,'Windows 10','Chrome 8'),
(2315,'12222211111','119.61.6.18','2021-04-21 11:50:24','北京市','北京市',116.40387397,39.91488908,'Windows 10','Chrome 8'),
(2316,'18888888888','119.61.6.18','2021-04-21 14:50:02','北京市','北京市',116.40387397,39.91488908,'Windows 10','Chrome 8'),
(2317,'15678785043','219.144.130.206','2021-04-21 16:08:35','陕西省','西安市',108.95309828,34.27779990,'Windows 10','Chrome 8'),
(2318,'15678785043','219.144.130.206','2021-04-21 16:23:06','陕西省','西安市',108.95309828,34.27779990,'Windows 10','Chrome 8'),
(2319,'18888888888','119.61.6.18','2021-04-21 16:51:16','北京市','北京市',116.40387397,39.91488908,'Windows 10','Chrome 8'),
(2320,'13552724112','113.80.100.87','2021-04-21 17:23:00','广东省','东莞市',113.76343399,23.04302382,'Windows 10','Chrome 8'),
(2321,'13552724112','113.80.100.87','2021-04-21 17:28:13','广东省','东莞市',113.76343399,23.04302382,'Windows 10','Chrome 8'),
(2322,'15726887763','117.136.117.165','2021-04-21 20:43:15','安徽省','合肥市',117.28269909,31.86694226,'Windows 10','Chrome 9'),
(2323,'13333333555','119.61.6.18','2021-04-22 11:14:00','北京市','北京市',116.40387397,39.91488908,'Windows 10','Chrome 8'),
(2324,'15818125858','58.62.167.113','2021-04-22 12:37:57','广东省','广州市',113.30764968,23.12004910,'Windows 10','Chrome 8'),
(2325,'19965389886','36.7.150.37','2021-04-22 15:05:51','安徽省','合肥市',117.28269909,31.86694226,'Windows 10','Chrome 9'),
(2326,'19965389886','36.7.150.37','2021-04-22 15:07:53','安徽省','合肥市',117.28269909,31.86694226,'Windows 10','Chrome 9'),
(2327,'19965389886','36.7.150.37','2021-04-22 15:07:54','安徽省','合肥市',117.28269909,31.86694226,'Windows 10','Chrome 9'),
(2328,'12222211111','119.61.6.18','2021-04-23 10:09:03','北京市','北京市',116.40387397,39.91488908,'Windows 10','Chrome 8'),
(2331,'11111111111','183.217.24.124','2021-04-23 22:16:37','江西省','南昌市',115.89352755,28.68957800,'Windows 10','Firefox 8'),
(2332,'18701357232','120.244.110.14','2021-04-24 22:48:48','北京市','北京市',116.40387397,39.91488908,'Windows 10','Chrome 8'),
(2334,'18701357232','119.61.6.18','2021-04-25 10:05:12','北京市','北京市',116.40387397,39.91488908,'Windows 10','Chrome 8'),
(2335,'15818125858','119.61.6.18','2021-04-25 11:09:16','北京市','北京市',116.40387397,39.91488908,'Windows 10','Chrome 8'),
(2336,'17601612492','119.145.5.22','2021-04-25 16:40:38','广东省','深圳市',114.02597366,22.54605355,'Windows 10','Chrome 8'),
(2337,'13143032326','120.197.4.217','2021-04-25 21:11:12','广东省','广州市',113.30764968,23.12004910,'Windows 10','Chrome 9'),
(2338,'13143032326','119.61.6.18','2021-04-26 08:12:55','北京市','北京市',116.40387397,39.91488908,'Windows 10','Chrome 8'),
(2340,'13222222222','59.42.207.75','2021-04-26 10:03:41','广东省','广州市',113.30764968,23.12004910,'Windows 10','Chrome 8'),
(2341,'17755793238','114.100.74.14','2021-04-26 10:18:45','安徽省','合肥市',117.28269909,31.86694226,'Windows 10','Chrome 9'),
(2342,'16666666666','119.61.6.18','2021-04-26 12:10:17','北京市','北京市',116.40387397,39.91488908,'Windows 10','Chrome 8'),
(2343,'12345678915','106.6.163.252','2021-04-26 14:46:16','江西省','南昌市',115.89352755,28.68957800,'Windows 7','Chrome 9'),
(2344,'18119606139','114.83.220.120','2021-04-26 19:54:58','上海市','上海市',121.48789949,31.24916171,'Windows 10','Chrome 8'),
(2345,'18119606139','114.83.220.120','2021-04-26 19:56:21','上海市','上海市',121.48789949,31.24916171,'Windows 10','Chrome 8'),
(2346,'15818125858','124.205.197.130','2021-04-27 10:49:54','北京市','北京市',116.40387397,39.91488908,'Windows 10','Chrome 8'),
(2347,'18888888888','59.42.207.75','2021-04-28 15:48:10','广东省','广州市',113.30764968,23.12004910,'Windows 10','Chrome 8'),
(2348,'18888888888','59.42.207.75','2021-04-28 15:48:10','广东省','广州市',113.30764968,23.12004910,'Windows 10','Chrome 8'),
(2349,'18888888888','59.42.207.75','2021-04-28 15:48:12','广东省','广州市',113.30764968,23.12004910,'Windows 10','Chrome 8'),
(2351,'12345678915','124.205.197.130','2021-04-30 12:24:04','北京市','北京市',116.40387397,39.91488908,'Windows 10','Chrome 8'),
(2352,'14723232323','223.91.194.40','2021-04-30 18:14:27','河南省','新乡市',113.91269016,35.30725756,'Windows 10','Chrome 9'),
(2353,'17755793238','27.189.202.116','2021-05-01 07:43:53','河北省','廊坊市',116.70360222,39.51861063,'Windows 10','Chrome 9'),
(2354,'13000000000','125.69.145.116','2021-05-03 10:46:48','四川省','成都市',104.06792346,30.67994285,'Windows 7','Firefox 8'),
(2355,'18898989898','113.88.168.74','2021-05-04 21:21:38','广东省','深圳市',114.02597366,22.54605355,'Windows 10','Chrome 8'),
(2356,'17711080169','61.157.243.115','2021-05-04 22:15:04','四川省','广元市',105.81968694,32.44104016,'Windows 10','Chrome 9'),
(2357,'17711080169','61.157.243.115','2021-05-05 21:40:04','四川省','广元市',105.81968694,32.44104016,'Windows 10','Chrome 9'),
(2358,'13000000000','124.205.197.130','2021-05-06 08:06:36','北京市','北京市',116.40387397,39.91488908,'Windows 10','Chrome 8'),
(2359,'18898989898','124.205.197.130','2021-05-06 08:10:53','北京市','北京市',116.40387397,39.91488908,'Windows 10','Chrome 8'),
(2360,'18942551337','175.6.6.61','2021-05-06 09:02:38','湖南省','长沙市',112.97935279,28.21347823,'Windows 10','Chrome'),
(2361,'15556324568','61.155.94.143','2021-05-06 11:19:00','江苏省','徐州市',117.18810662,34.27155343,'Windows 10','Chrome 9'),
(2362,'18605146265','223.104.108.185','2021-05-06 14:23:11','河南省','新乡市',113.91269016,35.30725756,'Windows 10','Chrome 9'),
(2363,'18605146265','223.104.108.185','2021-05-06 14:28:22','河南省','新乡市',113.91269016,35.30725756,'Windows 10','Chrome 9'),
(2364,'15579750702','27.46.241.123','2021-05-06 16:16:44','广东省','广州市',113.30764968,23.12004910,'Windows 10','Chrome 9'),
(2365,'13000000000','124.205.197.132','2021-05-06 17:09:05','北京市','北京市',116.40387397,39.91488908,'Windows 10','Chrome 8'),
(2370,'18625166919','117.89.243.83','2021-05-07 09:25:00','江苏省','南京市',118.77807441,32.05723550,'Windows 10','Chrome 9'),
(2373,'19999999252','124.205.197.132','2021-05-08 08:33:39','北京市','北京市',116.40387397,39.91488908,'Windows 10','Chrome 8'),
(2374,'19999999252','124.205.197.132','2021-05-08 08:35:56','北京市','北京市',116.40387397,39.91488908,'Windows 10','Chrome 8'),
(2375,'18625166919','124.205.197.132','2021-05-08 11:49:18','北京市','北京市',116.40387397,39.91488908,'Windows 10','Chrome 8'),
(2379,'19999999252','124.205.197.132','2021-05-08 15:14:02','北京市','北京市',116.40387397,39.91488908,'Windows 10','Chrome 8'),
(2381,'15650029132','222.211.205.244','2021-05-08 17:00:13','四川省','成都市',104.06792346,30.67994285,'Windows 10','Chrome 8'),
(2383,'15765964641','43.225.208.113','2021-05-08 20:33:07','黑龙江省','哈尔滨市',126.65771686,45.77322463,'Windows 10','Chrome 8'),
(2384,'15765964641','43.225.208.113','2021-05-08 20:35:15','黑龙江省','哈尔滨市',126.65771686,45.77322463,'Windows 10','Chrome 8'),
(2385,'13795482351','115.26.4.5','2021-05-08 20:59:57','天津市','天津市',117.21081309,39.14392990,'Windows 10','Chrome 9'),
(2386,'18627540357','113.104.189.175','2021-05-09 13:08:41','广东省','深圳市',114.02597366,22.54605355,'Windows 7','Firefox 8'),
(2387,'17711080169','124.205.197.132','2021-05-10 08:32:02','北京市','北京市',116.40387397,39.91488908,'Windows 10','Chrome 8'),
(2388,'15650029132','222.211.205.218','2021-05-10 09:59:59','四川省','成都市',104.06792346,30.67994285,'Windows 10','Chrome 8'),
(2389,'18783043294','222.211.205.218','2021-05-10 10:05:04','四川省','成都市',104.06792346,30.67994285,'Windows 10','Chrome 8'),
(2390,'15839086900','125.33.30.194','2021-05-10 16:15:43','北京市','北京市',116.40387397,39.91488908,'Mac OS X','Chrome 9'),
(2391,'13265945477','58.32.7.120','2021-05-10 16:21:46','上海市','上海市',121.48789949,31.24916171,'Windows 10','Chrome 9'),
(2392,'18783043294','222.211.205.218','2021-05-10 16:36:24','四川省','成都市',104.06792346,30.67994285,'Windows 10','Chrome 8'),
(2393,'15716414802','42.247.38.225','2021-05-11 08:55:37','江苏省','苏州市',120.61990712,31.31798737,'Windows 10','Chrome 9'),
(2394,'18312161134','117.89.243.83','2021-05-11 09:35:33','江苏省','南京市',118.77807441,32.05723550,'Windows 10','Chrome 8'),
(2395,'15716414802','124.205.197.132','2021-05-11 14:10:33','北京市','北京市',116.40387397,39.91488908,'Windows 10','Chrome 8'),
(2396,'18875166487','223.104.25.91','2021-05-11 22:47:39','重庆市','重庆市',106.53063501,29.54460611,'Windows 10','Chrome 9'),
(2397,'17711080169','124.205.197.132','2021-05-12 08:23:32','北京市','北京市',116.40387397,39.91488908,'Windows 10','Chrome 8'),
(2398,'18875166487','117.136.30.98','2021-05-12 09:26:14','重庆市','重庆市',106.53063501,29.54460611,'Windows 10','Chrome 9'),
(2399,'18875166487','117.136.30.98','2021-05-12 10:27:35','重庆市','重庆市',106.53063501,29.54460611,'Windows 10','Chrome 9'),
(2400,'13681304350','222.242.191.154','2021-05-12 15:16:35','湖南省','郴州市',113.03770447,25.78226398,'Windows 10','Chrome'),
(2401,'18875166487','223.104.251.17','2021-05-12 16:17:53','重庆市','重庆市',106.53063501,29.54460611,'Windows 10','Chrome 9'),
(2402,'13246864966','113.89.34.173','2021-05-13 14:36:44','广东省','深圳市',114.02597366,22.54605355,'Mac OS X','Chrome 9'),
(2403,'18881480883','121.234.237.57','2021-05-14 08:57:24','江苏省','宿迁市',118.29689338,33.95204973,'Windows 10','Chrome 9'),
(2404,'19926512379','14.108.165.252','2021-05-14 19:14:13','重庆市','重庆市',106.53063501,29.54460611,'Android Mobile','Chrome Mobile'),
(2405,'13960000011','121.207.109.57','2021-05-15 20:29:44','福建省','泉州市',118.60036234,24.90165238,'Windows 7','Chrome 9'),
(2406,'18404300430','116.235.38.222','2021-05-16 03:44:38','上海市','上海市',121.48789949,31.24916171,'Windows 10','Chrome 9'),
(2407,'18404300430','116.235.38.222','2021-05-16 04:04:06','上海市','上海市',121.48789949,31.24916171,'Windows 10','Chrome 9'),
(2408,'18404040404','116.235.38.222','2021-05-16 17:44:00','上海市','上海市',121.48789949,31.24916171,'Windows 10','Chrome 9'),
(2409,'18404300430','116.235.38.222','2021-05-16 18:13:16','上海市','上海市',121.48789949,31.24916171,'Windows 10','Chrome 9'),
(2410,'18404300430','116.235.38.222','2021-05-16 18:25:04','上海市','上海市',121.48789949,31.24916171,'Windows 10','Chrome 9'),
(2411,'18404300430','116.235.38.222','2021-05-16 19:55:30','上海市','上海市',121.48789949,31.24916171,'Windows 10','Chrome 9'),
(2412,'18404300430','116.235.38.222','2021-05-16 19:55:30','上海市','上海市',121.48789949,31.24916171,'Windows 10','Chrome 9'),
(2413,'18404040404','116.235.38.222','2021-05-16 19:55:58','上海市','上海市',121.48789949,31.24916171,'Windows 10','Chrome 9'),
(2414,'18404040404','116.235.38.222','2021-05-16 22:06:20','上海市','上海市',121.48789949,31.24916171,'Windows 10','Chrome 9'),
(2415,'18627540357','124.205.197.132','2021-05-17 08:13:15','北京市','北京市',116.40387397,39.91488908,'Windows 10','Chrome 9'),
(2416,'19965392818','36.59.10.218','2021-05-17 11:38:36','安徽省','合肥市',117.28269909,31.86694226,'Android 1.x','Chrome Mobile'),
(2418,'19965392818','124.205.197.132','2021-05-18 09:31:22','北京市','北京市',116.40387397,39.91488908,'Windows 10','Chrome 9'),
(2419,'13170237972','223.215.0.53','2021-05-18 15:30:48','安徽省','芜湖市',118.38410842,31.36601979,'Windows 10','Chrome 9'),
(2420,'19999999252','124.205.197.132','2021-05-18 15:41:56','北京市','北京市',116.40387397,39.91488908,'Windows 10','Chrome 9'),
(2421,'19999999252','124.205.197.132','2021-05-18 16:08:34','北京市','北京市',116.40387397,39.91488908,'Windows 10','Chrome 9'),
(2424,'18888888888','124.205.197.132','2021-05-19 08:10:26','北京市','北京市',116.40387397,39.91488908,'Windows 10','Chrome 9'),
(2425,'18888888888','124.205.197.132','2021-05-19 09:30:54','北京市','北京市',116.40387397,39.91488908,'Windows 10','Chrome 9'),
(2427,'18888888888','124.205.197.132','2021-05-19 10:58:36','北京市','北京市',116.40387397,39.91488908,'Windows 10','Chrome 9'),
(2428,'13526985874','60.235.232.154','2021-05-19 11:33:23','山东省','聊城市',115.98686914,36.45582851,'Windows 10','Chrome'),
(2429,'15151857919','36.152.114.100','2021-05-20 02:57:26','江苏省','南京市',118.77807441,32.05723550,'Windows 10','Chrome 9'),
(2430,'15151857919','124.205.197.132','2021-05-20 09:28:59','北京市','北京市',116.40387397,39.91488908,'Windows 10','Chrome 9'),
(2431,'18881480883','124.205.197.132','2021-05-20 09:59:48','北京市','北京市',116.40387397,39.91488908,'Windows 10','Chrome 9'),
(2432,'13120053910','112.96.233.108','2021-05-20 17:21:17','广东省','',113.39481756,23.40800373,'Windows 7','Chrome 9'),
(2433,'18575618939','125.89.51.178','2021-05-20 17:51:41','广东省','珠海市',113.56244703,22.25691465,'Windows 10','Chrome 9'),
(2434,'18575618939','124.205.197.132','2021-05-21 08:55:16','北京市','北京市',116.40387397,39.91488908,'Windows 10','Chrome 9'),
(2435,'13196939999','222.128.87.114','2021-05-21 11:29:15','北京市','北京市',116.40387397,39.91488908,'Windows 10','Chrome 8'),
(2436,'18888888888','124.205.197.132','2021-05-21 13:45:04','北京市','北京市',116.40387397,39.91488908,'Windows 10','Chrome 9'),
(2437,'18888888888','124.205.197.132','2021-05-21 15:57:55','北京市','北京市',116.40387397,39.91488908,'Windows 10','Chrome 9'),
(2438,'18888888888','127.0.0.1','2021-05-21 16:03:35',NULL,NULL,NULL,NULL,'Windows 10','Chrome 9'),
(2439,'15716414802','127.0.0.1','2021-05-21 16:08:15',NULL,NULL,NULL,NULL,'Windows 10','Chrome 8'),
(2440,'19999999252','127.0.0.1','2021-05-21 16:21:00',NULL,NULL,NULL,NULL,'Windows 10','Internet Explorer 11'),
(2441,'18888888888','127.0.0.1','2021-05-21 17:26:48',NULL,NULL,NULL,NULL,'Windows 10','Chrome 9'),
(2442,'18888888888','124.205.197.132','2021-05-24 08:34:18','北京市','北京市',116.40387397,39.91488908,'Windows 10','Chrome 9'),
(2443,'12222222222','183.195.87.161','2021-05-24 22:40:28','上海市','上海市',121.48789949,31.24916171,'Windows 10','Chrome 8'),
(2444,'15163611502','119.176.40.98','2021-05-24 23:06:55','山东省','潍坊市',119.14263382,36.71611487,'Windows 10','Chrome 9'),
(2445,'17375973803','116.128.246.163','2021-05-25 21:00:39','湖南省','长沙市',112.97935279,28.21347823,'Windows 10','Chrome 9'),
(2446,'17375973803','116.128.246.163','2021-05-25 21:02:43','湖南省','长沙市',112.97935279,28.21347823,'Windows 10','Chrome 9'),
(2447,'17375973803','116.128.246.163','2021-05-26 13:16:23','湖南省','长沙市',112.97935279,28.21347823,'Windows 10','Chrome 9'),
(2448,'17375973803','116.128.246.163','2021-05-26 13:16:24','湖南省','长沙市',112.97935279,28.21347823,'Windows 10','Chrome 9'),
(2449,'17375973803','116.128.246.163','2021-05-26 13:17:41','湖南省','长沙市',112.97935279,28.21347823,'Windows 10','Chrome 9'),
(2450,'18888888888','124.205.197.132','2021-05-26 14:52:39','北京市','北京市',116.40387397,39.91488908,'Windows 10','Chrome 9'),
(2451,'19665392818','124.205.197.132','2021-05-26 14:56:29','北京市','北京市',116.40387397,39.91488908,'Windows 10','Chrome 9'),
(2452,'18874934626','58.40.166.6','2021-05-26 16:07:20','上海市','上海市',121.48789949,31.24916171,'Windows 7','Chrome'),
(2453,'18874934626','58.40.166.6','2021-05-26 16:11:17','上海市','上海市',121.48789949,31.24916171,'Windows 7','Chrome'),
(2454,'18888888888','124.205.197.132','2021-05-28 13:47:58','北京市','北京市',116.40387397,39.91488908,'Windows 10','Chrome 9'),
(2455,'15138742644','123.52.20.143','2021-05-28 19:28:52','河南省','郑州市',113.64964385,34.75661006,'Windows 10','Chrome 9'),
(2456,'19994742646','117.141.139.67','2021-05-31 15:43:14','广西壮族自治区','南宁市',108.29723356,22.80649294,'Windows 10','Chrome 9'),
(2457,'18888888899','58.248.2.5','2021-05-31 17:16:01','广东省','广州市',113.30764968,23.12004910,'Windows 7','Chrome 9'),
(2458,'18888888899','58.248.2.5','2021-05-31 17:27:11','广东省','广州市',113.30764968,23.12004910,'Windows 7','Chrome 9'),
(2459,'13197945211','182.108.39.45','2021-05-31 20:16:05','江西省','南昌市',115.89352755,28.68957800,'Windows 10','Chrome 9'),
(2460,'18855170697','220.180.229.157','2021-06-01 08:49:56','安徽省','合肥市',117.28269909,31.86694226,'Windows 10','Chrome 9'),
(2461,'18888888888','124.205.197.132','2021-06-01 09:35:02','北京市','北京市',116.40387397,39.91488908,'Windows 10','Chrome 9'),
(2462,'18888888888','124.205.197.132','2021-06-01 10:43:41','北京市','北京市',116.40387397,39.91488908,'Windows 10','Chrome 9'),
(2463,'18888888899','58.248.2.5','2021-06-01 10:43:48','广东省','广州市',113.30764968,23.12004910,'Windows 7','Chrome 9'),
(2464,'18888888899','121.8.255.5','2021-06-01 11:04:45','广东省','广州市',113.30764968,23.12004910,'Windows 7','Chrome 9'),
(2465,'13277786951','117.141.139.90','2021-06-01 11:24:17','广西壮族自治区','南宁市',108.29723356,22.80649294,'Windows 10','Chrome 9'),
(2466,'15071261801','175.6.47.7','2021-06-02 14:49:35','湖南省','长沙市',112.97935279,28.21347823,'Windows 7','Chrome'),
(2467,'18888888888','124.205.197.132','2021-06-02 18:05:51','北京市','北京市',116.40387397,39.91488908,'Windows 10','Chrome 9'),
(2468,'18321754893','223.104.212.37','2021-06-02 21:16:34','上海市','上海市',121.48789949,31.24916171,'Windows 10','Chrome 9'),
(2469,'13539415239','117.159.67.125','2021-06-04 10:25:32','河南省','周口市',114.65410194,33.62374082,'Windows 10','Chrome 9'),
(2470,'15090166163','223.104.111.161','2021-06-04 15:22:45','河南省','郑州市',113.64964385,34.75661006,'Windows 10','Chrome 9'),
(2471,'15090166163','223.104.111.161','2021-06-04 15:34:25','河南省','郑州市',113.64964385,34.75661006,'Windows 10','Chrome 9'),
(2472,'18888888888','124.205.197.132','2021-06-07 09:10:53','北京市','北京市',116.40387397,39.91488908,'Windows 10','Chrome 9'),
(2473,'17381746209','111.164.194.148','2021-06-07 22:44:58','天津市','天津市',117.21081309,39.14392990,'Windows 10','Chrome 9'),
(2474,'17381746209','111.164.194.148','2021-06-08 00:10:08','天津市','天津市',117.21081309,39.14392990,'Windows 10','Chrome 9'),
(2475,'17381746209','111.164.194.148','2021-06-08 10:00:21','天津市','天津市',117.21081309,39.14392990,'Windows 10','Chrome 9'),
(2476,'13552724112','113.80.100.241','2021-06-08 16:25:36','广东省','东莞市',113.76343399,23.04302382,'Windows 10','Chrome 8'),
(2477,'13552724112','113.80.100.241','2021-06-08 16:32:32','广东省','东莞市',113.76343399,23.04302382,'Windows 10','Chrome 8'),
(2478,'17381746209','59.67.77.157','2021-06-09 08:14:09','天津市','天津市',117.21081309,39.14392990,'Windows 10','Chrome 9'),
(2479,'13552724112','113.80.103.61','2021-06-09 11:33:31','广东省','东莞市',113.76343399,23.04302382,'Windows 10','Chrome 8'),
(2480,'13899998888','125.70.231.77','2021-06-09 14:37:39','四川省','成都市',104.06792346,30.67994285,'Windows 10','Chrome 9'),
(2481,'13800138000','120.202.24.99','2021-06-09 15:58:19','湖北省','武汉市',114.31620010,30.58108413,'Windows 10','Chrome 9'),
(2482,'18888888888','124.205.197.132','2021-06-11 09:14:24','北京市','北京市',116.40387397,39.91488908,'Windows 10','Chrome 9'),
(2483,'18571499351','61.136.223.35','2021-06-11 15:21:27','湖北省','宜昌市',111.31098109,30.73275782,'Windows 10','Chrome 9'),
(2484,'18312161134','180.111.249.232','2021-06-12 13:55:00','江苏省','南京市',118.77807441,32.05723550,'Windows 10','Chrome 9'),
(2485,'13888888888','223.74.194.108','2021-06-12 19:34:31','广东省','惠州市',114.41065808,23.11353985,'Mac OS X','Chrome 9'),
(2486,'15920162748','120.230.98.152','2021-06-13 00:58:55','广东省','广州市',113.30764968,23.12004910,'Windows 10','Chrome 9'),
(2487,'18312161134','180.111.249.232','2021-06-13 07:47:43','江苏省','南京市',118.77807441,32.05723550,'Windows 10','Chrome 9'),
(2488,'18888888888','117.61.21.189','2021-06-13 07:52:12','辽宁省','沈阳市',123.43279092,41.80864478,'Windows 10','Chrome 9'),
(2489,'18312161134','180.111.249.232','2021-06-13 10:32:58','江苏省','南京市',118.77807441,32.05723550,'Windows 10','Chrome 9'),
(2490,'13422881901','113.116.31.144','2021-06-13 16:35:56','广东省','深圳市',114.02597366,22.54605355,'Mac OS X','Safari'),
(2491,'18888888888','14.20.91.237','2021-06-13 18:55:01','广东省','深圳市',114.02597366,22.54605355,'Windows 10','Chrome 9'),
(2492,'17719295366','117.158.202.82','2021-06-16 10:12:54','河南省','郑州市',113.64964385,34.75661006,'Windows 10','Chrome 9'),
(2493,'18822149199','111.30.83.130','2021-06-16 10:55:05','天津市','天津市',117.21081309,39.14392990,'Windows 10','Chrome 9'),
(2494,'18888888888','124.205.197.132','2021-06-17 15:10:49','北京市','北京市',116.40387397,39.91488908,'Windows 10','Chrome 9');

/*Table structure for table `sys_permission` */

DROP TABLE IF EXISTS `sys_permission`;

CREATE TABLE `sys_permission` (
  `id` int(11) NOT NULL AUTO_INCREMENT,
  `pid` int(11) DEFAULT NULL COMMENT '父节点名称',
  `category` int(2) DEFAULT NULL COMMENT '类别(1:目录,2:菜单,3:按钮)',
  `name` varchar(50) NOT NULL COMMENT '名称',
  `type` varchar(20) DEFAULT NULL COMMENT '类型:菜单or功能',
  `target` varchar(50) DEFAULT NULL COMMENT 'a target属性:_self _blank',
  `sort` int(11) DEFAULT NULL COMMENT '排序',
  `url` varchar(255) DEFAULT NULL,
  `perm_code` varchar(50) DEFAULT NULL COMMENT '菜单编码',
  `icon` varchar(255) DEFAULT NULL,
  `source` int(1) DEFAULT '1' COMMENT '1访问前端资源 2后端资源',
  `DESCRIPTION` text,
  PRIMARY KEY (`id`)
) ENGINE=InnoDB AUTO_INCREMENT=151 DEFAULT CHARSET=utf8;

/*Data for the table `sys_permission` */

insert  into `sys_permission`(`id`,`pid`,`category`,`name`,`type`,`target`,`sort`,`url`,`perm_code`,`icon`,`source`,`DESCRIPTION`) values 
(1,0,1,'后台管理','F',NULL,1,'','','fa fa-gear',1,''),
(2,1,2,'组织管理','F',NULL,3,'','','fa fa-group',1,''),
(3,2,2,'平台用户','F','_self',2,'/admin/users/user/list.html','','fa fa-user',1,''),
(4,2,2,'角色管理','F','_self',4,'/admin/setting/role/list.html',NULL,'fa fa-street-view',1,NULL),
(5,2,2,'菜单管理','F','_self',5,'/admin/setting/menu/list.html',NULL,'fa fa-window-maximize',1,NULL),
(6,1,2,'商品管理','F',NULL,6,NULL,NULL,'fa fa-shopping-cart',1,NULL),
(7,6,2,'所有商品','F','_self',7,'/admin/product/list.html',NULL,'fa fa-spotify',1,NULL),
(8,1,2,'订单管理','F',NULL,8,NULL,NULL,'fa fa-sitemap',1,NULL),
(9,8,2,'全部订单','F','_self',2,'/admin/order/list.html',NULL,'fa fa-reorder',1,NULL),
(10,2,2,'登录日志','F','_self',10,'/admin/setting/log/list.html',NULL,'fa fa-area-chart',1,NULL),
(11,1,2,'基础功能','F',NULL,11,NULL,NULL,'fa fa-cog',1,NULL),
(12,11,2,'SQL监控','F','_self',12,'/druid/index.html?mpi=m-p-i-7',NULL,'fa fa-bar-chart-o',2,NULL),
(13,11,2,'接口管理','F','_blank',13,'/doc.html',NULL,'fa fa-newspaper-o',2,NULL),
(14,11,2,'表单构建','F','_self',14,'/admin/build.html',NULL,'fa fa-tasks',1,NULL),
(15,1,2,'公众号管理','F',NULL,15,NULL,NULL,'fa fa-sitemap',1,NULL),
(144,6,2,'商品分类',NULL,'_self',22,'/admin/product/product-cate.html','','fa fa-anchor',1,NULL),
(145,8,2,'订单评论',NULL,'_self',9,'/admin/order/comments.html','','fa fa-fort-awesome',1,NULL),
(146,15,2,'短信验证码',NULL,'_self',2,'/admin/member/message.html','','fa fa-wpforms',1,NULL),
(149,4,3,'修改角色','F','_self',1,'/api/admin/setting/rolePermission/confirm/edit','sys:role:edit','',1,NULL),
(150,0,1,'1',NULL,'_self',1,'','','',1,NULL);

/*Table structure for table `sys_role` */

DROP TABLE IF EXISTS `sys_role`;

CREATE TABLE `sys_role` (
  `ID` int(11) NOT NULL AUTO_INCREMENT,
  `NAME` varchar(20) NOT NULL,
  `ROLE_CODE` varchar(20) NOT NULL,
  `DESCRIPTION` text,
  `SORT` smallint(6) DEFAULT NULL,
  `DEL_FLAG` varchar(255) DEFAULT NULL,
  PRIMARY KEY (`ID`)
) ENGINE=InnoDB AUTO_INCREMENT=26 DEFAULT CHARSET=utf8;

/*Data for the table `sys_role` */

insert  into `sys_role`(`ID`,`NAME`,`ROLE_CODE`,`DESCRIPTION`,`SORT`,`DEL_FLAG`) values 
(1,'admin','admin','admin是新用户注册可以看到，但是无法做删除操作',2,'0'),
(2,'guest','guest','guest',3,'0'),
(3,'superadmin','superadmin','超级管理员',1,'0'),
(17,'super','super','superadmin',1,'0'),
(24,'天才第一步','天才第一步','guest',1,NULL),
(25,'天才第一步2','天才第一步2','',3,NULL);

/*Table structure for table `sys_role_permission` */

DROP TABLE IF EXISTS `sys_role_permission`;

CREATE TABLE `sys_role_permission` (
  `ID` int(11) NOT NULL AUTO_INCREMENT,
  `ROLE_ID` int(11) DEFAULT NULL,
  `PERMISSION_ID` int(11) DEFAULT NULL,
  PRIMARY KEY (`ID`),
  KEY `FK_ROLE_PER_REFERENCE_PERMISSI` (`PERMISSION_ID`) USING BTREE,
  KEY `FK_ROLE_PER_REFERENCE_ROLE` (`ROLE_ID`) USING BTREE
) ENGINE=InnoDB AUTO_INCREMENT=2836 DEFAULT CHARSET=utf8;

/*Data for the table `sys_role_permission` */

insert  into `sys_role_permission`(`ID`,`ROLE_ID`,`PERMISSION_ID`) values 
(2425,17,1),
(2426,17,2),
(2427,17,3),
(2428,17,4),
(2429,17,5),
(2430,17,10),
(2436,21,1),
(2437,21,11),
(2438,21,12),
(2439,21,13),
(2440,21,14),
(2441,21,15),
(2442,21,16),
(2443,20,1),
(2444,20,15),
(2445,20,16),
(2479,22,1),
(2480,22,11),
(2481,22,12),
(2482,22,13),
(2483,22,14),
(2484,22,15),
(2485,22,16),
(2592,23,1),
(2593,23,2),
(2594,23,4),
(2595,23,5),
(2756,1,1),
(2757,1,15),
(2758,1,146),
(2759,1,16),
(2760,1,11),
(2761,1,13),
(2762,1,12),
(2763,1,14),
(2764,1,8),
(2765,1,9),
(2766,1,145),
(2767,1,6),
(2768,1,7),
(2769,1,144),
(2770,1,2),
(2771,1,10),
(2772,1,5),
(2773,1,4),
(2774,1,149),
(2775,1,3),
(2776,3,1),
(2777,3,15),
(2778,3,146),
(2779,3,16),
(2780,3,11),
(2781,3,13),
(2782,3,12),
(2783,3,14),
(2784,3,8),
(2785,3,9),
(2786,3,145),
(2787,3,6),
(2788,3,7),
(2789,3,144),
(2790,3,2),
(2791,3,10),
(2792,3,5),
(2793,3,4),
(2794,3,149),
(2795,3,3),
(2796,24,1),
(2797,24,15),
(2798,24,146),
(2799,24,16),
(2800,24,11),
(2801,24,14),
(2802,24,13),
(2803,24,12),
(2804,24,8),
(2805,24,145),
(2806,24,9),
(2807,24,6),
(2808,24,144),
(2809,24,7),
(2810,24,2),
(2811,24,10),
(2812,24,5),
(2813,24,4),
(2814,24,149),
(2815,24,3),
(2816,25,1),
(2817,25,15),
(2818,25,146),
(2819,25,16),
(2820,25,11),
(2821,25,14),
(2822,25,13),
(2823,25,12),
(2824,25,8),
(2825,25,145),
(2826,25,9),
(2827,25,6),
(2828,25,144),
(2829,25,7),
(2830,25,2),
(2831,25,10),
(2832,25,5),
(2833,25,4),
(2834,25,149),
(2835,25,3);

/*Table structure for table `sys_token` */

DROP TABLE IF EXISTS `sys_token`;

CREATE TABLE `sys_token` (
  `user_id` int(11) NOT NULL,
  `expire_time` timestamp NULL DEFAULT NULL,
  `token` varchar(255) DEFAULT NULL,
  `update_time` timestamp NULL DEFAULT NULL,
  PRIMARY KEY (`user_id`)
) ENGINE=InnoDB DEFAULT CHARSET=utf8;

/*Data for the table `sys_token` */

insert  into `sys_token`(`user_id`,`expire_time`,`token`,`update_time`) values 
(1,'2021-06-18 03:10:48','5272825f27bbe6be73a6630a5aa8811b','2021-06-17 15:10:48'),
(2,'2021-04-03 00:18:27','4afcff06e877c6cc063810c9b1659a10','2021-04-02 12:18:27'),
(3,'2020-12-17 02:18:49','775a611031b6b376406160f8f0d39fb1','2020-12-16 14:18:49'),
(15,'2020-12-17 03:32:09','eb8f9cad22ec4a104544ac63a4b91720','2020-12-16 15:32:09'),
(17,'2020-12-17 03:46:39','6844d4667fc74806afdedffec7e6f495','2020-12-16 15:46:39'),
(18,'2020-12-18 02:02:06','a1865a460ca4f8c5cda519b91d6d2b95','2020-12-17 14:02:06'),
(19,'2020-12-18 04:16:20','fa5ae196b78f9ae50e93318a66634997','2020-12-17 16:16:20'),
(20,'2020-12-26 05:16:30','af3372e69b3ec1ae79a7cb06c6308b32','2020-12-25 17:16:30'),
(21,'2020-12-28 21:02:47','458a2685ba35b19a4c4d71cc7d7a27f3','2020-12-28 09:02:47'),
(24,'2021-01-07 22:23:17','b11567cf605454c97631a0ddc4be2594','2021-01-07 10:23:17'),
(25,'2020-12-18 23:37:13','e9849dfb56b6a91cca5cf3d62fff0ca9','2020-12-18 11:37:13'),
(27,'2020-12-28 20:55:16','f5a29f129b6f3f55ae92f61b7a8579c7','2020-12-28 08:55:16'),
(29,'2020-12-29 02:20:42','2be38b624725cd840deff5f18a500844','2020-12-28 14:20:42'),
(34,'2020-12-29 21:03:57','9b3cf74bb34e80f5cd919a0e972ad730','2020-12-29 09:03:57'),
(40,'2020-12-31 04:35:55','23354d3a2ccb4b09f5ffc2e34e4078d1','2020-12-30 16:35:55'),
(43,'2021-01-21 21:11:23','1bac5906ebe6ecf1a968fd959aafa77a','2021-01-21 09:11:23'),
(52,'2021-03-19 00:08:43','1a5a7c1eca256ee37299aeff11eb27ac','2021-03-18 12:08:43'),
(53,'2021-03-19 21:52:53','918b188b812d008eafde2c0118c7e80a','2021-03-19 09:52:53'),
(55,'2021-05-25 10:40:28','219b89c543c46e5770cb12238e641ae2','2021-05-24 22:40:28'),
(56,'2021-03-29 22:00:20','3b6b1e7e8ce6858bb9e92b16e78bcc4d','2021-03-29 10:00:20'),
(58,'2021-05-09 05:02:06','1ea86e8bf050ab3206264109440b259e','2021-05-08 17:02:06'),
(59,'2021-04-08 06:17:36','9bcdd10b960f1d5c9b4bb8ab513821dc','2021-04-07 18:17:36'),
(60,'2021-02-02 04:47:03','20af0ff83884be8759e1ee3666939930','2021-02-01 16:47:03'),
(61,'2021-02-02 05:27:02','0a4ea7c076c76ec1073c5d08d24caf18','2021-02-01 17:27:02'),
(62,'2021-05-07 05:36:52','d25442af77d2c58a4f640e7851a6315f','2021-05-06 17:36:52'),
(64,'2021-04-06 21:36:48','fa2adc4c67ad45349b31435625483fb7','2021-04-06 09:36:48'),
(66,'2021-02-03 01:54:07','34a4004121d4fa2e2fa3b98ed9c46c1b','2021-02-02 13:54:07'),
(69,'2021-02-03 04:15:43','651f0c222f54c3fb38b63a86dd1551f2','2021-02-02 16:15:43'),
(70,'2021-02-06 09:19:56','15e542e99a7eb7623e2993c43ca53781','2021-02-05 21:19:56'),
(71,'2021-02-04 00:18:21','fe8754c04d2980109683059addb1e6fc','2021-02-03 12:18:21'),
(72,'2021-02-04 02:13:28','ea3b06146fd54ac24a9081db3c694dec','2021-02-03 14:13:28'),
(73,'2021-02-04 04:26:05','9ecce27ae0165aa5c613ef1708673716','2021-02-03 16:26:05'),
(74,'2021-02-04 05:15:30','a7078c438c8613ccc936711835c6f4be','2021-02-03 17:15:30'),
(75,'2021-06-13 22:32:57','9384b8232e54ac72f75f4b5ec5599d48','2021-06-13 10:32:57'),
(76,'2021-02-05 04:01:53','08bca45f9c7bd832937f40758a533ba8','2021-02-04 16:01:53'),
(77,'2021-02-07 21:12:25','759660894908cfe5d4f9f52bb969bc8b','2021-02-07 09:12:25'),
(79,'2021-04-14 02:38:12','b1ccf5e4ff3606541ac81d3e018caac6','2021-04-13 14:38:12'),
(80,'2021-02-06 02:38:18','248f18d7e8062b704561c44e8b770feb','2021-02-05 14:38:18'),
(81,'2021-02-06 02:47:42','72dcced3bb182e8eae060de8df751cd2','2021-02-05 14:47:42'),
(82,'2021-02-08 22:45:18','1151eb32ec17e8e90189653b1181e5ea','2021-02-08 10:45:18'),
(83,'2021-02-08 03:31:55','a4cf17655833fa053e70459860c8cb41','2021-02-07 15:31:55'),
(84,'2021-02-14 01:37:27','736024ffd39c4aa73b976c65eaaf560d','2021-02-13 13:37:27'),
(85,'2021-02-15 21:47:50','b4040a007e3bac1b08926402dd5e63db','2021-02-15 09:47:50'),
(86,'2021-02-16 03:38:28','7b295b4ec71f20787e2f859b2942a071','2021-02-15 15:38:28'),
(87,'2021-02-18 23:26:36','3ec05c27c550e344793d6deaa8f53e90','2021-02-18 11:26:36'),
(88,'2021-04-24 10:16:37','80ccaa75b83c50f768b5b466471751da','2021-04-23 22:16:37'),
(89,'2021-02-19 21:12:15','7c5e4f942a9a9e5d1d89c2697046f0a7','2021-02-19 09:12:15'),
(90,'2021-02-23 23:06:23','f8e7ebba9a8e5c0107ca0254bbeae6a3','2021-02-23 11:06:23'),
(91,'2021-02-25 21:00:04','f37449bf7bde12a8cec9b9e31b66c8fc','2021-02-25 09:00:04'),
(92,'2021-02-25 21:06:52','ef126bf29c58133948c9788e29d4bbb1','2021-02-25 09:06:52'),
(93,'2021-02-25 22:01:36','278524d3cb9c819b8d1576a934972e24','2021-02-25 10:01:36'),
(94,'2021-02-26 22:45:03','dfe5127d88e983c9bf0a5409e74656fd','2021-02-26 10:45:03'),
(95,'2021-02-28 02:46:20','c884ec1d15ce57add2dec1b87118890e','2021-02-27 14:46:20'),
(96,'2021-03-11 03:52:06','193fe7165a81b26eb66ab783f0b1abc6','2021-03-10 15:52:06'),
(97,'2021-03-02 04:13:24','42746c8060e05bc514f89ef53f26b76d','2021-03-01 16:13:24'),
(98,'2021-03-04 20:59:20','c23f839b45e5385687f7df06b1c16b4b','2021-03-04 08:59:20'),
(99,'2021-03-04 20:58:49','71f8b4d8c810656d6dcf6ebef9476a6b','2021-03-04 08:58:49'),
(100,'2021-03-06 01:06:28','e2a98c7a266caca0e5f70fa5c5215612','2021-03-05 13:06:28'),
(101,'2021-03-10 03:35:04','0c4d8b51b782b27c510fc1a7b690d7e3','2021-03-09 15:35:04'),
(102,'2021-03-10 03:27:49','93821e9fbddc67c831f586f17428c667','2021-03-09 15:27:49'),
(103,'2021-03-12 04:08:56','284d6bcff197d49a5492ec8c9e24ccbc','2021-03-11 16:08:56'),
(104,'2021-03-11 00:19:23','0f835611e84707464821d20c16d2911e','2021-03-10 12:19:23'),
(105,'2021-04-08 22:58:45','0ed8854f6961802b691de1d8ed7ad91d','2021-04-08 10:58:45'),
(106,'2021-03-12 00:07:35','1f04616d52853c3280139db4d41591ea','2021-03-11 12:07:35'),
(107,'2021-03-12 00:15:45','125e2323a0c919d87b2e1734a8c8c98f','2021-03-11 12:15:45'),
(108,'2021-03-20 02:25:05','be89c8a68a2ee3ff2952599ecfb5e42d','2021-03-19 14:25:05'),
(110,'2021-03-12 03:31:52','5bff19f740218d24c25c853173a01c2b','2021-03-11 15:31:52'),
(111,'2021-03-12 22:44:01','a161e49e5c8575fdc7c3af6d379812a8','2021-03-12 10:44:01'),
(112,'2021-03-13 05:31:58','fa98d3c4249b554c6f526835340b2bcb','2021-03-12 17:31:58'),
(113,'2021-03-26 02:37:56','c71f3b87bda0c7359609d5a568c29f93','2021-03-25 14:37:56'),
(114,'2021-03-16 22:58:11','8b0b67bbc88c66720d4befe04df137c9','2021-03-16 10:58:11'),
(115,'2021-03-17 00:57:43','220ba96832dc680b1ceb87f2acd84642','2021-03-16 12:57:43'),
(116,'2021-03-17 02:57:56','5ef4a3cca19d22421fb05b396ac26619','2021-03-16 14:57:56'),
(117,'2021-03-18 22:15:45','e41cc726c20dcedf20e79700030defb6','2021-03-18 10:15:45'),
(119,'2021-03-18 05:18:28','6b81a2970650dd9f5a69f2fbf4292f96','2021-03-17 17:18:28'),
(120,'2021-03-18 11:07:54','05925ee684ee3515a102cbfe12d14c94','2021-03-17 23:07:54'),
(121,'2021-03-19 02:10:59','75b05ffec0227dde1fa2b232bdd26c03','2021-03-18 14:10:59'),
(122,'2021-03-19 04:12:33','b6ff4ef4ab28f4120814b45788103bd9','2021-03-18 16:12:33'),
(123,'2021-03-19 05:04:56','0246666a07ca49e35a91faf464149c5b','2021-03-18 17:04:56'),
(124,'2021-03-19 05:32:18','5ceded21e4ab76e6f61c404fc54083a9','2021-03-18 17:32:18'),
(125,'2021-03-19 05:43:24','78da605f8d8c54af10a0d363fdfda3fa','2021-03-18 17:43:24'),
(126,'2021-03-20 05:05:07','86f70f559d43f277fb1e6342a8458358','2021-03-19 17:05:07'),
(127,'2021-03-20 02:32:01','1bc43cb67040edf2b429f5e444017891','2021-03-19 14:32:01'),
(128,'2021-03-20 03:37:38','42876c97fb0df342bb0eba4963c6b74c','2021-03-19 15:37:38'),
(129,'2021-03-21 02:16:28','6d7d9aca4fd7f07e7a288948b4f76269','2021-03-20 14:16:28'),
(130,'2021-03-24 03:29:29','b3956666626ca26bb478a78eaaf0c70f','2021-03-23 15:29:29'),
(131,'2021-03-23 23:27:23','9dc248a6daaec88b7d7e37ed90ca0e3b','2021-03-23 11:27:23'),
(132,'2021-03-24 05:14:14','92d0ab8f564c09b5936b723115853ccd','2021-03-23 17:14:14'),
(133,'2021-03-24 21:00:55','8fc78d72e2f223cf963eac7f72427682','2021-03-24 09:00:55'),
(134,'2021-03-24 22:37:12','25a89edd6e918abc72d446fd2bee8337','2021-03-24 10:37:12'),
(135,'2021-03-26 06:03:49','f984c8598e3625aa519bad8315380f06','2021-03-25 18:03:49'),
(136,'2021-03-26 03:05:09','06c8315416264859a2602d9a65ae5eb9','2021-03-25 15:05:09'),
(137,'2021-03-27 05:01:03','f973eaa9c69bbbe344f9ed714cd29a58','2021-03-26 17:01:03'),
(138,'2021-04-02 20:16:02','2760472ca53187cba8602d7879acb9de','2021-04-02 08:16:02'),
(139,'2021-03-28 10:34:09','331db10616dfab0eb17bc2864fa0a569','2021-03-27 22:34:09'),
(140,'2021-03-30 04:28:55','1ffd0507c427a347bba49c2849690e6f','2021-03-29 16:28:55'),
(141,'2021-04-03 00:18:43','4bc81cd229ceb800b348ae11483df5a8','2021-04-02 12:18:43'),
(142,'2021-03-30 05:19:50','c4b0af1a1896e958993de0bc2b43d1c5','2021-03-29 17:19:50'),
(143,'2021-04-07 20:36:21','dc92261dd5b536a37e8d2b7e7e13fe19','2021-04-07 08:36:21'),
(144,'2021-04-08 04:43:00','28bb00db0c26e2dcbe9cff6d5800a81c','2021-04-07 16:43:00'),
(145,'2021-03-31 22:14:07','d3cdba409471f0d7dfd32a475c63cf13','2021-03-31 10:14:07'),
(146,'2021-03-31 22:27:33','2c1192f36ed83f228850354ad1eb24ec','2021-03-31 10:27:33'),
(147,'2021-04-02 10:48:22','61562611765b8b495acad7d7b67e58a3','2021-04-01 22:48:22'),
(148,'2021-04-03 03:00:38','ba47df26cc14b8513ffc8a1e76207c0f','2021-04-02 15:00:38'),
(149,'2021-04-08 22:30:42','75ea1206b73d2a1dddb5d74acdd6af5e','2021-04-08 10:30:42'),
(150,'2021-04-03 07:00:09','809ff96ea58aa24e7235c40137f7c54c','2021-04-02 19:00:09'),
(151,'2021-04-03 08:03:24','1757b90eb943b83ff4ccd00d90a28c76','2021-04-02 20:03:24'),
(152,'2021-04-04 23:35:24','5944608ab4b67672ae40443b62482e43','2021-04-04 11:35:24'),
(153,'2021-04-06 12:25:54','b47c1c2ce346f941e765217e41f5e820','2021-04-06 00:25:54'),
(154,'2021-04-14 02:48:59','2d794ef67e50fa7fd8e3614bd2b0783b','2021-04-13 14:48:59'),
(155,'2021-04-08 02:03:54','2a8d5c7aa1b70431a91db99bfb854398','2021-04-07 14:03:54'),
(156,'2021-04-07 22:37:50','ced8f9be191934fae879d15ea1f9492f','2021-04-07 10:37:50'),
(157,'2021-04-16 04:55:22','123fa96f0e95d9e69c0ccaeddea70b9e','2021-04-15 16:55:22'),
(158,'2021-04-08 06:55:21','c836504675220d39eb9f25f965788b58','2021-04-07 18:55:21'),
(159,'2021-04-08 09:00:06','f3bb29ca1e6d2da88808387452e3f26f','2021-04-07 21:00:06'),
(160,'2021-04-08 19:40:26','7ab37b21bb722f3b4182f434f7c8d8ca','2021-04-08 07:40:26'),
(161,'2021-04-09 08:57:17','a006217d9ad0228018d3b83c5d6bad87','2021-04-08 20:57:17'),
(162,'2021-04-09 21:07:18','7613c620ba8660f2ccb9cd6345707799','2021-04-09 09:07:18'),
(163,'2021-04-10 00:21:01','5f7964311e475227763611e178000115','2021-04-09 12:21:01'),
(164,'2021-04-10 01:37:59','3c62802a8d2e70bdcff510fd50161d0c','2021-04-09 13:37:59'),
(165,'2021-04-10 01:41:42','be2553a4caeb88a9527edca15a12969f','2021-04-09 13:41:42'),
(166,'2021-04-10 01:48:53','a09298037ba9b89fd2b7c45bdca78175','2021-04-09 13:48:53'),
(167,'2021-04-14 01:44:08','5e5003b3ff4cc4325ac24f48dafeb046','2021-04-13 13:44:08'),
(168,'2021-04-14 02:36:33','8b375689b8211757994ba152c680358d','2021-04-13 14:36:33'),
(169,'2021-04-14 02:37:53','c90caf20d7a7ee9287f56318401d45dd','2021-04-13 14:37:53'),
(170,'2021-04-14 02:38:21','c9a6e2176f0cbc86a540c624b0208298','2021-04-13 14:38:21'),
(171,'2021-04-14 02:39:21','6e17a4e65d13ab64e6e707fe4088aefa','2021-04-13 14:39:21'),
(172,'2021-04-14 02:42:02','2eebe15b5d4d55b63657b4a97418f875','2021-04-13 14:42:02'),
(173,'2021-04-14 02:43:39','0b4447fae84955a61ba899c930ee1701','2021-04-13 14:43:39'),
(174,'2021-04-14 02:45:23','9e454fe66bda3b2aa2df831060cefceb','2021-04-13 14:45:23'),
(175,'2021-04-14 02:48:29','9d9af30a03932d76874a8a25c46a7d97','2021-04-13 14:48:29'),
(176,'2021-04-14 02:50:26','8300c7484fcb24f9273e4a1d54c12c5f','2021-04-13 14:50:26'),
(177,'2021-04-14 03:18:54','377daad18cef0d156678082b79848c9d','2021-04-13 15:18:54'),
(178,'2021-04-14 02:52:18','ab5d59ee61f93bbe34d151021ebde3e6','2021-04-13 14:52:18'),
(179,'2021-04-14 03:10:48','12d26a5b3a684c2620ca8c2a99f7a9c5','2021-04-13 15:10:48'),
(180,'2021-04-14 04:31:13','fea1c660149ff427a2ecf7bdbfba0102','2021-04-13 16:31:13'),
(181,'2021-04-15 10:15:29','9a3b6706b13daba25d440b484d588aa0','2021-04-14 22:15:29'),
(182,'2021-04-14 21:37:18','634a1ca7972beebde00f76529d24e537','2021-04-14 09:37:18'),
(183,'2021-04-16 04:48:00','437638ffcc7b2cd10679aef4d42abcb6','2021-04-15 16:48:00'),
(184,'2021-04-15 02:00:20','66d0aa1883c6672eb1f9042a69940b37','2021-04-14 14:00:20'),
(185,'2021-04-15 03:36:30','3aa04583de3b8491f9c6494157079ddf','2021-04-14 15:36:30'),
(186,'2021-04-16 03:36:11','f1de49b76d8116ceecdba9f14c0cebf4','2021-04-15 15:36:11'),
(187,'2021-04-19 23:19:56','683d1b57aae35b2ba200578cbbada0ce','2021-04-19 11:19:56'),
(188,'2021-04-16 14:10:35','8573b036bcdc9b14418642715f60f9e6','2021-04-16 02:10:35'),
(189,'2021-04-19 23:20:09','2793007bb1e44a49d64917d6599bf4ec','2021-04-19 11:20:09'),
(190,'2021-04-17 07:47:55','e466728942b5d7ad13da19ffca0146c5','2021-04-16 19:47:55'),
(191,'2021-06-13 07:34:31','16459b08f0e1af0698c081ae04638726','2021-06-12 19:34:31'),
(192,'2021-04-20 10:59:27','0074c9fd6113cfd964310382ac0beb00','2021-04-19 22:59:27'),
(193,'2021-04-20 02:05:23','8a49fb24168bb359956b8eed01fce9fc','2021-04-19 14:05:23'),
(194,'2021-04-27 00:10:17','dd3c616f9a72009880e7192f9bb786f1','2021-04-26 12:10:17'),
(195,'2021-04-20 02:37:15','5b711be2e0bb6478f28cd74cf7a6ec13','2021-04-19 14:37:15'),
(196,'2021-06-09 23:33:30','a63e1777bd626f93302ecb92320f65d8','2021-06-09 11:33:30'),
(198,'2021-04-21 22:41:45','6ff97c6bb760470fa772dbc43dd949d0','2021-04-21 10:41:45'),
(199,'2021-04-23 22:09:03','7b5d9d30973e6a9f35c6fd83ef9441a1','2021-04-23 10:09:03'),
(200,'2021-04-22 04:23:06','49cb76e5c4203ecfc0e8bc950eb348c7','2021-04-21 16:23:06'),
(201,'2021-04-22 08:43:15','1f5da17b4650cff5b7f94e1f18353dad','2021-04-21 20:43:15'),
(202,'2021-04-22 23:14:00','b6f623c753524143f604ee3fd620e8fe','2021-04-22 11:14:00'),
(203,'2021-04-27 22:49:54','d97c282b272b8e48b50f95c4f6b44f6b','2021-04-27 10:49:54'),
(204,'2021-04-23 03:07:53','66392ab6fe29cd083b4f9ef54c3a5d11','2021-04-22 15:07:53'),
(205,'2021-04-25 22:05:11','2c4932e7cc97273cbfff6f61cb343b1d','2021-04-25 10:05:11'),
(206,'2021-04-26 04:40:38','49b667281256b6ec7a0bbdad94dd56e3','2021-04-25 16:40:38'),
(207,'2021-04-26 20:12:55','a6f638839e734d63ada36e770c327f89','2021-04-26 08:12:55'),
(208,'2021-04-30 04:15:37','2746bbc4f83d4543ada83ed4e78724f6','2021-04-29 16:15:37'),
(209,'2021-05-01 19:43:52','383b5c6b7f722252df2e2b87fc273129','2021-05-01 07:43:52'),
(210,'2021-05-01 00:24:02','2b0990ea8bcf583e606c8dce63de4a5e','2021-04-30 12:24:02'),
(211,'2021-04-27 07:56:21','b36f8d6e6c0aedda36c838566ef4479f','2021-04-26 19:56:21'),
(212,'2021-05-01 06:14:27','ed92a85cc9e6a2f19e64eb8fac904803','2021-04-30 18:14:27'),
(213,'2021-05-07 21:14:42','252f548034cba43f4645b3f04585fa3a','2021-05-07 09:14:42'),
(215,'2021-05-06 20:10:52','5c2444bea638f5b295b10554142ffd7c','2021-05-06 08:10:52'),
(216,'2021-05-12 20:23:32','0dfc81bfef44c5dc37bac4b8f05477f2','2021-05-12 08:23:32'),
(217,'2021-05-06 21:02:38','6b38293db63b0a41ac6c55c9b7974ffa','2021-05-06 09:02:38'),
(218,'2021-05-06 23:19:00','4ecee49baaf49d4105afac4121832499','2021-05-06 11:19:00'),
(219,'2021-05-07 02:28:21','7f7e00a9a7d395f0e8e56f8ea124bdb9','2021-05-06 14:28:21'),
(220,'2021-05-07 04:16:43','762d3a79a3814bd3e4b4ba189cc07284','2021-05-06 16:16:43'),
(221,'2021-05-07 21:52:10','c12d1399dba635fc74e87c1b0e7a95ba','2021-05-07 09:52:10'),
(222,'2021-05-09 02:13:31','ebb920b9e39beac179c7f85e27bcd1bb','2021-05-08 14:13:31'),
(223,'2021-05-22 04:21:00','2831092b3ca089eb6f1834332519d992','2021-05-21 16:21:00'),
(224,'2021-05-10 22:04:50','33098573287d01d4d27153309576341a','2021-05-10 10:04:50'),
(225,'2021-05-09 08:35:15','9862b2387676f0cbfee7e56bff40107d','2021-05-08 20:35:15'),
(226,'2021-05-09 08:59:57','78b48055662a05b8e275b2646fb9e9f1','2021-05-08 20:59:57'),
(227,'2021-05-17 20:13:15','d68a79752cc3a654b55fa234b02d5533','2021-05-17 08:13:15'),
(228,'2021-05-11 04:36:24','3465a60b41ecc6854afa848be9808366','2021-05-10 16:36:24'),
(229,'2021-05-11 04:15:43','8d3023cb148293a1ea0fb3f3f1d2fb11','2021-05-10 16:15:43'),
(230,'2021-05-11 04:21:46','d87bbdb9f2474d77341b5a1e447ae6e2','2021-05-10 16:21:46'),
(231,'2021-05-22 04:08:15','8cc5e3a2b79989676f39b5a791adccb3','2021-05-21 16:08:15'),
(233,'2021-05-13 04:17:53','9a532f995b10866022d213f72ded6aea','2021-05-12 16:17:53'),
(234,'2021-05-13 03:16:35','ee5f01f04ae6ec99e57487557c15f61c','2021-05-12 15:16:35'),
(235,'2021-05-14 02:36:44','7b553a14bea13647ec9b1ce7775de735','2021-05-13 14:36:44'),
(236,'2021-05-20 21:59:48','2dcb1299f54acb5c70a52aa35d9dba02','2021-05-20 09:59:48'),
(237,'2021-05-15 07:14:13','050db1cf4503062dedfafa3749eadfd3','2021-05-14 19:14:13'),
(238,'2021-05-16 08:29:44','2effd5a2cac29efdac6bb7054d525d1c','2021-05-15 20:29:44'),
(239,'2021-05-17 07:55:30','42a4da9d1d18493f4bf813bba29133df','2021-05-16 19:55:30'),
(240,'2021-05-17 10:06:20','0dd53b02c6e16c445ebcb24e99822148','2021-05-16 22:06:20'),
(241,'2021-05-27 02:56:28','e7b95cf0a72a3a2a65842894b837b384','2021-05-26 14:56:28'),
(242,'2021-05-18 21:31:27','b8c625b3e074b34e87b5f9746d01ef81','2021-05-18 09:31:27'),
(243,'2021-05-19 03:30:48','aa75798b19b5b5aeaed87bdc80745fe8','2021-05-18 15:30:48'),
(244,'2021-05-19 23:33:23','48fbdf17e36e87bd5355329d4d3764c4','2021-05-19 11:33:23'),
(245,'2021-05-20 21:28:58','18c87534c6aea0ab921301858eed9ec0','2021-05-20 09:28:58'),
(246,'2021-05-21 05:21:17','15c7d9804c54fc4131dd5f9e91529c91','2021-05-20 17:21:17'),
(247,'2021-05-21 20:55:15','632f680e9637232e2c4ae9dd21f8704c','2021-05-21 08:55:15'),
(248,'2021-05-21 23:29:15','69d87c52d5e78ab3d187e4e55da237b3','2021-05-21 11:29:15'),
(249,'2021-05-25 11:06:55','ecf133a9d3f94dfde4bcd9d85e8bba81','2021-05-24 23:06:55'),
(250,'2021-05-27 01:17:41','c15990ff0d9adc5609d6ff797da9021d','2021-05-26 13:17:41'),
(251,'2021-05-27 04:11:17','1f246d27719583915cdcdc23bb65aa64','2021-05-26 16:11:17'),
(252,'2021-05-29 07:28:52','4004228805b16818ac2f14ea1b82280c','2021-05-28 19:28:52'),
(253,'2021-06-01 03:43:14','89e9cd38ae471b495ccdaee804e61ace','2021-05-31 15:43:14'),
(254,'2021-06-01 23:04:44','3e6576c7f0f53de0f41085288863498c','2021-06-01 11:04:44'),
(255,'2021-06-01 08:16:05','03c418e11b34e4f5181ea4b87c0d8ea3','2021-05-31 20:16:05'),
(256,'2021-06-01 20:49:56','f390b87d5ee52fc7a40adaac4e546d89','2021-06-01 08:49:56'),
(257,'2021-06-01 23:24:17','5be8bbac96e740b6021ffdc8f9b20e83','2021-06-01 11:24:17'),
(258,'2021-06-03 02:49:35','c3b4ec11f125ec65f97b2e8d93cdd910','2021-06-02 14:49:35'),
(260,'2021-06-03 09:16:33','494ed559e21960a4ae8679c4f9f72faf','2021-06-02 21:16:33'),
(261,'2021-06-04 22:25:32','c015c52bdd86b0d2d27d318641279b83','2021-06-04 10:25:32'),
(262,'2021-06-05 03:36:48','f73723bf067268af06dbea478971e68b','2021-06-04 15:36:48'),
(263,'2021-06-09 20:14:08','c2d0a6334d404916b77da47bbe792764','2021-06-09 08:14:08'),
(264,'2021-06-10 02:37:39','fe7e08262814e9610c8a35148ac09129','2021-06-09 14:37:39'),
(265,'2021-06-10 03:58:19','8eeeec7789b1ac3e6b4ddc290cfc36d1','2021-06-09 15:58:19'),
(266,'2021-06-12 03:21:27','18332ffcbd8af5cb5dd8530ecb1a8d5a','2021-06-11 15:21:27'),
(267,'2021-06-13 12:58:55','903b2092db568d10618e844ded27114e','2021-06-13 00:58:55'),
(268,'2021-06-14 04:35:56','d56e72675cef398d7e0694449d21ff21','2021-06-13 16:35:56'),
(269,'2021-06-16 22:12:54','8fbb97611ad13c94b8f33e86bda0cf96','2021-06-16 10:12:54'),
(270,'2021-06-16 22:55:05','18e45107c1029818f8dc198f976309f4','2021-06-16 10:55:05');

/*Table structure for table `sys_user` */

DROP TABLE IF EXISTS `sys_user`;

CREATE TABLE `sys_user` (
  `id` int(11) NOT NULL AUTO_INCREMENT,
  `mobile` varchar(11) DEFAULT NULL,
  `name` varchar(20) NOT NULL,
  `password` varchar(255) NOT NULL,
  `salt` varchar(255) DEFAULT NULL,
  `email` varchar(255) DEFAULT NULL,
  `gender` char(1) DEFAULT NULL,
  `birthday` timestamp NULL DEFAULT NULL,
  `icon` varchar(500) DEFAULT NULL,
  `create_date` datetime DEFAULT NULL,
  `state` char(1) DEFAULT NULL,
  `note` varchar(2000) DEFAULT NULL,
  `login_count` int(11) DEFAULT NULL,
  `last_visit` datetime DEFAULT NULL,
  `version` int(11) DEFAULT NULL,
  `is_lock` tinyint(3) DEFAULT NULL,
  PRIMARY KEY (`id`)
) ENGINE=InnoDB AUTO_INCREMENT=271 DEFAULT CHARSET=utf8;

/*Data for the table `sys_user` */

insert  into `sys_user`(`id`,`mobile`,`name`,`password`,`salt`,`email`,`gender`,`birthday`,`icon`,`create_date`,`state`,`note`,`login_count`,`last_visit`,`version`,`is_lock`) values 
(1,'18888888888','admin2','admin','3d06a5c14d010804','18888888888@qq.com','1','2020-12-15 17:06:26','/user/20210407135259.jpg','2021-06-08 00:17:06','1','12',34,'2021-06-17 15:10:48',NULL,NULL),
(2,'15555555555','super','super','97efb48ee6adff63','12345622768@qq.com','1','2020-12-17 17:06:29','/user/20210407135311.jpg','2021-04-09 09:05:58','2','',3,'2021-04-09 09:05:58',NULL,NULL),
(52,'10000000001','10000000001','10000000001',NULL,'10000000001@qq.com','1','2021-01-07 00:00:00','/images/logo.png','2021-01-22 16:31:37','0',NULL,3,'2021-03-18 12:07:02',NULL,NULL),
(53,'10000000002','10000000002','10000000002',NULL,'10000000002@qq.com','1','2021-01-07 00:00:00','/images/logo.png','2021-05-06 09:04:55','0','',3,'2021-05-06 09:04:55',NULL,NULL),
(55,'12222222222','12222222222','12222222222',NULL,'12222222222@qq.com','1','2021-01-26 00:00:00','/images/logo.png','2021-01-26 17:14:52','0',NULL,1,'2021-05-24 22:40:28',NULL,NULL),
(58,'19999999222','19999999222','19999999222',NULL,'19999999222@qq','1','2021-01-26 00:00:00','/images/logo.png','2021-01-26 17:22:00','0',NULL,1,'2021-05-08 17:02:06',NULL,NULL),
(59,'19999999233','19999999233','19999999233',NULL,'12222222222@qq.com','1','2021-01-26 00:00:00','/images/logo.png','2021-01-26 17:23:31','0',NULL,7,'2021-04-07 18:17:36',NULL,NULL),
(60,'19999999255','19999999255','19999999255',NULL,'11111111112@qq.com',NULL,'2021-01-26 00:00:00','202102/png/20210201164633.png','2021-02-01 16:46:44','0',NULL,1,'2021-02-01 16:47:03',NULL,NULL),
(61,'19999999266','19999999266','19999999266',NULL,'19999999266@qq.com',NULL,'2021-01-26 00:00:00','202102/png/20210201172616.png','2021-02-01 17:26:49','0',NULL,1,'2021-02-01 17:27:02',NULL,NULL),
(62,'19999999277','19999999277','19999999277',NULL,'19999999277@qq.com',NULL,'2021-02-01 00:00:00','202102/png/20210201175618.png','2021-05-31 17:28:02','0','',4,'2021-05-31 17:28:02',NULL,NULL),
(63,'19999999288','19999999288','19999999288',NULL,'19999999288@qq.com','1','2021-02-02 00:00:00','202102/png/20210202091645.png','2021-02-02 09:17:10','0','19999999288199999992881999999928819999999288199999992881999999928819999999288199999992881999999928819999999288199999992881999999928819999999288',0,'2021-02-02 09:17:10',NULL,NULL),
(64,'13855556666','13855556666','13855556666',NULL,'13855556666@qq.com',NULL,'2021-02-02 00:00:00','/static/images/logo.png','2021-02-02 10:35:01','0',NULL,3,'2021-04-06 09:36:48',NULL,NULL),
(65,'13855556644','13855556644','13855556644',NULL,'13855556644@qq.com',NULL,'2021-01-26 00:00:00','/static/images/logo.png','2021-02-02 13:50:22','0',NULL,0,'2021-02-02 13:50:22',NULL,NULL),
(66,'12345678910','12345678910','qwer1234',NULL,'a@126.com',NULL,'2021-02-02 00:00:00','/static/images/logo.png','2021-02-02 13:53:50','0',NULL,1,'2021-02-02 13:54:07',NULL,NULL),
(67,'12322332323','12322332323','12322332323',NULL,'23@23.co',NULL,'2021-01-26 00:00:00','/static/images/logo.png','2021-02-02 14:05:00','0',NULL,0,'2021-02-02 14:05:00',NULL,NULL),
(68,'13522448622','13522448622','123qwe',NULL,'122@qq.com',NULL,'2014-02-10 00:00:00','/static/images/logo.png','2021-02-02 14:14:26','0',NULL,0,'2021-02-02 14:14:26',NULL,NULL),
(69,'13522889966','13522889966','123qwe!!',NULL,'12@12.cd',NULL,'2014-02-11 00:00:00','/static/images/logo.png','2021-02-02 14:14:38','0',NULL,1,'2021-02-02 16:15:43',NULL,NULL),
(70,'12345678900','12345678900','123466',NULL,'1234567890@qq.com',NULL,'2000-02-02 00:00:00','/static/images/logo.png','2021-02-02 14:57:49','0',NULL,3,'2021-02-05 21:19:56',NULL,NULL),
(71,'18256946934','18256946934','1234567',NULL,'2391768101@qq.com',NULL,'2021-02-03 00:00:00','/static/images/logo.png','2021-02-03 12:17:38','0',NULL,1,'2021-02-03 12:18:21',NULL,NULL),
(72,'18100000000','18100000000','123456',NULL,'809005117@qq.com',NULL,'2021-02-03 00:00:00','/static/images/logo.png','2021-02-03 14:13:17','0',NULL,1,'2021-02-03 14:13:28',NULL,NULL),
(73,'13122222222','13122222222','123456',NULL,'123@qq.com',NULL,'2021-02-03 00:00:00','/static/images/logo.png','2021-02-03 16:25:43','0',NULL,1,'2021-02-03 16:26:05',NULL,NULL),
(74,'13412345678','13412345678','111111',NULL,'111120@qq.com',NULL,'2021-02-03 00:00:00','/static/images/logo.png','2021-02-03 17:14:27','0',NULL,1,'2021-02-03 17:15:30',NULL,NULL),
(75,'18312161134','18312161134','123456',NULL,'879532354@qq.com',NULL,'2021-02-04 00:00:00','/static/images/logo.png','2021-02-04 10:08:18','0',NULL,8,'2021-06-13 10:32:57',NULL,NULL),
(76,'18308288731','18308288731','111111',NULL,'11111@qq.com',NULL,'2021-02-02 00:00:00','/static/images/logo.png','2021-02-04 14:01:18','0',NULL,5,'2021-02-04 16:01:53',NULL,NULL),
(77,'11111111112','11111111112','2',NULL,'11111111112@qq.com',NULL,'2021-02-05 00:00:00','202102/jpg/20210205090200.jpg','2021-02-05 09:02:13','0',NULL,3,'2021-02-07 09:12:25',NULL,NULL),
(78,'13552733592','13552733592','Fangjw0828066',NULL,'fjw930828@163.com',NULL,'2021-02-05 00:00:00','/static/images/logo.png','2021-02-05 10:25:54','0',NULL,0,'2021-02-05 10:25:54',NULL,NULL),
(79,'13557033170','13557033170','123456',NULL,'617647031@qq.com',NULL,'2021-02-03 00:00:00','/static/images/logo.png','2021-02-05 11:33:14','0',NULL,3,'2021-04-13 14:38:12',NULL,NULL),
(80,'15250967868','15250967868','123456',NULL,'1429745331@qq.com',NULL,'2021-02-05 00:00:00','/static/images/logo.png','2021-02-05 14:38:03','0',NULL,1,'2021-02-05 14:38:18',NULL,NULL),
(81,'13575619018','13575619018','123',NULL,'123@qq.com',NULL,'2021-02-05 00:00:00','/static/images/logo.png','2021-02-05 14:42:40','0',NULL,2,'2021-02-05 14:47:42',NULL,NULL),
(82,'17788992211','17788992211','123456',NULL,'965921633@qq.com',NULL,'2021-02-06 00:00:00','/static/images/logo.png','2021-02-06 11:26:20','0',NULL,2,'2021-02-08 10:45:18',NULL,NULL),
(83,'13626055331','13626055331','cwz27cwz',NULL,'wenzhuang.chen@hotsuit.com.cn',NULL,'2021-02-07 00:00:00','/static/images/logo.png','2021-02-07 15:31:39','0',NULL,1,'2021-02-07 15:31:55',NULL,NULL),
(84,'18601357232','18601357232','125128',NULL,'yangwentao@126.com',NULL,'2021-02-13 00:00:00','/static/images/logo.png','2021-02-13 13:37:03','0',NULL,1,'2021-02-13 13:37:27',NULL,NULL),
(85,'15931162163','15931162163','123123',NULL,'zyf123456@outlook.com',NULL,'2021-02-15 00:00:00','/static/images/logo.png','2021-02-15 09:47:41','0',NULL,1,'2021-02-15 09:47:50',NULL,NULL),
(86,'15838466050','15838466050','123456',NULL,'2484759425@qq.com',NULL,'2021-02-15 00:00:00','202102/jpg/20210215153815.jpg','2021-02-15 15:38:19','0',NULL,1,'2021-02-15 15:38:28',NULL,NULL),
(87,'18898618897','18898618897','123456',NULL,'3485977443@qq.com',NULL,'2021-02-17 00:00:00','/static/images/logo.png','2021-02-17 10:39:17','0',NULL,2,'2021-02-18 11:26:36',NULL,NULL),
(88,'11111111111','11111111111','123456',NULL,'88888888@qq.com',NULL,'2021-02-18 00:00:00','/static/images/logo.png','2021-02-18 17:34:00','0',NULL,3,'2021-04-23 22:16:37',NULL,NULL),
(89,'18862976760','18862976760','qwer1234',NULL,'18862976760@163.com',NULL,'2021-02-19 00:00:00','/static/images/logo.png','2021-02-19 09:12:01','0',NULL,1,'2021-02-19 09:12:15',NULL,NULL),
(90,'13983943231','13983943231','123456',NULL,'1097266486@qq.com',NULL,'2021-02-19 00:00:00','/static/images/logo.png','2021-02-19 17:18:47','0',NULL,5,'2021-02-23 11:06:23',NULL,NULL),
(91,'19999999235','19999999235','19999999235',NULL,'11111111112@qq.com',NULL,'2021-02-11 00:00:00','/static/images/logo.png','2021-02-25 08:59:34','0',NULL,1,'2021-02-25 09:00:04',NULL,NULL),
(92,'15603166666','15603166666','asdasd',NULL,'3333@qq.com',NULL,'2021-02-25 00:00:00','/static/images/logo.png','2021-02-25 09:06:30','0',NULL,1,'2021-02-25 09:06:52',NULL,NULL),
(93,'17665020676','17665020676','woaini1314',NULL,'2371219029@qq.com',NULL,'2021-02-25 00:00:00','/static/images/logo.png','2021-02-25 10:01:21','0',NULL,1,'2021-02-25 10:01:36',NULL,NULL),
(94,'18681185195','18681185195','songyulei0',NULL,'604274191@qq.com',NULL,'2021-02-26 00:00:00','/static/images/logo.png','2021-02-26 10:43:50','0',NULL,1,'2021-02-26 10:44:17',NULL,NULL),
(95,'17561652734','17561652734','992977652',NULL,'615537495@qq.com',NULL,'2021-02-11 00:00:00','/static/images/logo.png','2021-02-27 14:45:41','0',NULL,1,'2021-02-27 14:46:20',NULL,NULL),
(96,'12312312312','12312312312','123123',NULL,'sxcn@qq.com',NULL,'2021-02-10 00:00:00','/static/images/logo.png','2021-02-27 15:53:33','0',NULL,4,'2021-03-10 15:52:06',NULL,NULL),
(97,'15852025852','15852025852','12345678',NULL,'123456789@qq.com',NULL,'2021-03-01 00:00:00','/static/images/logo.png','2021-03-01 16:13:12','0',NULL,1,'2021-03-01 16:13:24',NULL,NULL),
(98,'18011111111','18011111111','admin',NULL,'admin@admin.com',NULL,'2021-03-03 00:00:00','202103/jpg/20210303155311.jpg','2021-03-03 15:53:12','0','',4,'2021-03-04 08:59:20',NULL,NULL),
(99,'13685241731','13685241731','123456',NULL,'397158742@qq.com',NULL,'2021-03-04 00:00:00','/static/images/logo.png','2021-03-04 08:58:37','0',NULL,1,'2021-03-04 08:58:49',NULL,NULL),
(100,'18205189051','18205189051','Aa18205189051',NULL,'2374712941@qq.com',NULL,'2016-03-09 00:00:00','/static/images/logo.png','2021-03-05 13:06:18','0',NULL,1,'2021-03-05 13:06:28',NULL,NULL),
(101,'18205183255','18205183255','12345',NULL,'admin@gmail.com',NULL,'2021-03-08 00:00:00','/static/images/logo.png','2021-03-08 21:29:02','0',NULL,3,'2021-03-09 15:35:04',NULL,NULL),
(102,'18445678904','18445678904','123456',NULL,'497199129@qq.com',NULL,'2021-03-09 00:00:00','/static/images/logo.png','2021-03-09 15:27:30','0',NULL,1,'2021-03-09 15:27:49',NULL,NULL),
(103,'18036469165','18036469165','6690346aaa',NULL,'308508656@qq.com',NULL,'1988-12-13 00:00:00','/static/images/logo.png','2021-03-10 09:08:36','0',NULL,4,'2021-03-11 16:08:56',NULL,NULL),
(104,'17610772988','17610772988','123456',NULL,'465881454@qq.com',NULL,'2021-03-10 00:00:00','/static/images/logo.png','2021-03-10 12:19:08','0',NULL,1,'2021-03-10 12:19:23',NULL,NULL),
(105,'19963859196','19963859196','123456',NULL,'1510345765@qq.com',NULL,'2021-03-10 00:00:00','/static/images/logo.png','2021-03-10 15:07:30','0',NULL,5,'2021-04-08 10:58:45',NULL,NULL),
(106,'15151079418','15151079418','123123',NULL,'2010700886@qq.com',NULL,'2021-03-10 00:00:00','/static/images/logo.png','2021-03-10 18:15:22','0',NULL,2,'2021-03-11 12:07:35',NULL,NULL),
(107,'15903322722','15903322722','WCNMB973104',NULL,'2544219314@qq.com',NULL,'1999-02-01 00:00:00','/static/images/logo.png','2021-03-11 12:15:32','0',NULL,1,'2021-03-11 12:15:45',NULL,NULL),
(108,'13612646666','13612646666','666666',NULL,'1@1.com',NULL,'2021-03-11 00:00:00','/static/images/logo.png','2021-03-11 12:18:12','0',NULL,3,'2021-03-19 14:25:05',NULL,NULL),
(109,'15187777777','15187777777','wangqieli',NULL,'6464343@qq.com',NULL,'2000-02-22 00:00:00','/static/images/logo.png','2021-03-11 12:35:10','0',NULL,0,'2021-03-11 12:35:10',NULL,NULL),
(110,'15660294230','15660294230','root',NULL,'2947205454@qq.com',NULL,'2000-02-11 00:00:00','/static/images/logo.png','2021-03-11 15:22:28','0',NULL,2,'2021-03-11 15:31:52',NULL,NULL),
(111,'17630910583','17630910583','123456',NULL,'884779378@qq.com',NULL,'2021-03-12 00:00:00','202103/jpg/20210312104327.jpg','2021-03-12 10:43:50','0',NULL,1,'2021-03-12 10:44:01',NULL,NULL),
(112,'17775305017','17775305017','654321',NULL,'417744518@qq.com',NULL,'1995-11-08 00:00:00','202103/jpg/20210312152120.jpg','2021-03-12 15:21:24','0','',2,'2021-03-12 17:31:58',NULL,NULL),
(113,'13915078771','13915078771','shanzr',NULL,'s@sina.com',NULL,'2021-03-02 00:00:00','202103/png/20210315135045.png','2021-03-15 13:50:47','0','',3,'2021-03-25 14:37:56',NULL,NULL),
(114,'13611111111','13611111111','123456',NULL,'123456@qq.com',NULL,'2021-03-01 00:00:00','/static/images/logo.png','2021-03-15 15:01:46','0',NULL,2,'2021-03-16 10:58:11',NULL,NULL),
(115,'13262127683','13262127683','123456',NULL,'1204895383@qq.com','2','2021-03-16 00:00:00','/static/images/logo.png','2021-03-16 12:58:32','0','',1,'2021-03-16 12:58:32',NULL,NULL),
(116,'13654254654','13654254654','3633',NULL,'123@qq.com',NULL,'2021-03-16 00:00:00','/static/images/logo.png','2021-03-16 14:57:18','0',NULL,1,'2021-03-16 14:57:56',NULL,NULL),
(117,'13140075039','13140075039','123456',NULL,'2633075455@qq.com',NULL,'2021-03-03 00:00:00','202103/PNG/20210317091731.PNG','2021-03-17 09:17:45','0',NULL,3,'2021-03-18 10:15:45',NULL,NULL),
(118,'12311111111','12311111111','123111',NULL,'123@qq.com',NULL,'2021-03-01 00:00:00','/static/images/logo.png','2021-03-17 17:17:28','0',NULL,0,'2021-03-17 17:17:28',NULL,NULL),
(119,'12311111112','12311111112','123456',NULL,'123@qq.com',NULL,'2021-03-01 00:00:00','/static/images/logo.png','2021-03-17 17:18:08','0',NULL,1,'2021-03-17 17:18:28',NULL,NULL),
(120,'15166666666','15166666666','666666',NULL,'123217774@qq.com','1','2021-03-17 00:00:00','/static/images/logo.png','2021-03-18 11:52:41','0','',1,'2021-03-18 11:52:41',NULL,NULL),
(121,'18926060000','18926060000','123456',NULL,'test@yeah.net',NULL,'2021-03-18 00:00:00','/static/images/logo.png','2021-03-18 14:10:45','0',NULL,1,'2021-03-18 14:10:59',NULL,NULL),
(122,'15055667788','15055667788','123456',NULL,'123456789@qq.com',NULL,'2021-03-18 00:00:00','/static/images/logo.png','2021-03-18 16:12:19','0',NULL,1,'2021-03-18 16:12:33',NULL,NULL),
(123,'12355551111','12355551111','123123',NULL,'213@qw.com',NULL,'2021-03-16 00:00:00','/static/images/logo.png','2021-03-18 17:04:47','0',NULL,1,'2021-03-18 17:04:56',NULL,NULL),
(124,'13111111111','13111111111','11111',NULL,'11111@qq.com',NULL,'2021-03-18 00:00:00','/static/images/logo.png','2021-03-18 17:32:02','0',NULL,1,'2021-03-18 17:32:18',NULL,NULL),
(125,'13618285872','13618285872','422204',NULL,'hanmon@qq.com',NULL,'2021-03-04 00:00:00','202103/png/20210318174253.png','2021-03-18 17:43:00','0',NULL,1,'2021-03-18 17:43:24',NULL,NULL),
(126,'13541514611','13541514611','123456',NULL,'1812287731@qq.com',NULL,'2021-03-18 00:00:00','/static/images/logo.png','2021-03-18 22:25:59','0',NULL,2,'2021-03-19 17:05:07',NULL,NULL),
(127,'11111111117','11111111117','11111111113',NULL,'11111111113','1','2021-03-19 00:00:00','/user/20210319143050.png','2021-03-19 14:31:26','0','',1,'2021-03-19 14:31:52',NULL,NULL),
(128,'15266987458','15266987458','12345678',NULL,'eedee@dw.com',NULL,'1981-02-05 00:00:00','/user/20210319153308.png','2021-03-19 15:36:56','0',NULL,1,'2021-03-19 15:37:38',NULL,NULL),
(129,'15219603961','15219603961','123456',NULL,'wqx@111.com',NULL,'2020-12-01 00:00:00','/static/images/logo.png','2021-03-20 14:16:12','0',NULL,1,'2021-03-20 14:16:28',NULL,NULL),
(130,'15676170023','15676170023','123',NULL,'123@qq.com',NULL,'2021-03-20 00:00:00','/static/images/logo.png','2021-03-20 16:15:58','0',NULL,3,'2021-03-23 15:29:29',NULL,NULL),
(131,'13951026150','13951026150','hui13951026150',NULL,'zh89726169@qq.com',NULL,'1989-04-12 00:00:00','/static/images/logo.png','2021-03-23 11:27:11','0',NULL,1,'2021-03-23 11:27:23',NULL,NULL),
(132,'18841024329','18841024329','123456',NULL,'706780764@qq.com',NULL,'2021-03-23 00:00:00','/static/images/logo.png','2021-03-23 17:13:57','0',NULL,4,'2021-03-23 17:14:14',NULL,NULL),
(133,'15051566908','15051566908','123456',NULL,'2427691354@qq.com',NULL,'2021-03-24 00:00:00','/static/images/logo.png','2021-03-24 09:00:39','0',NULL,1,'2021-03-24 09:00:55',NULL,NULL),
(134,'15161496999','15161496999','15161496999',NULL,'623270362@qq.com',NULL,'2021-03-24 00:00:00','/static/images/logo.png','2021-03-24 10:32:04','0',NULL,2,'2021-03-24 10:37:12',NULL,NULL),
(135,'17772420618','17772420618','123456',NULL,'1303868821@qq.com',NULL,'2021-03-24 00:00:00','/static/images/logo.png','2021-03-24 17:26:47','0',NULL,3,'2021-03-25 18:03:49',NULL,NULL),
(136,'15677778888','15677778888','112233',NULL,'111@ss.com',NULL,'2021-03-25 00:00:00','/static/images/logo.png','2021-03-25 15:04:54','0',NULL,1,'2021-03-25 15:05:09',NULL,NULL),
(137,'15622223333','15622223333','111111',NULL,'1053688433@qq.com',NULL,'2021-03-26 00:00:00','/static/images/logo.png','2021-03-26 12:56:18','0',NULL,4,'2021-03-26 17:01:03',NULL,NULL),
(138,'15690602034','15690602034','123456',NULL,'107345932@qq.com',NULL,'2021-03-27 00:00:00','/user/20210327185344.jpg','2021-03-27 18:53:47','0',NULL,3,'2021-04-02 08:16:02',NULL,NULL),
(139,'18571599755','18571599755','19971124w',NULL,'2425727421@qq.com',NULL,'2021-03-27 00:00:00','/static/images/logo.png','2021-03-27 22:33:39','0',NULL,1,'2021-03-27 22:34:09',NULL,NULL),
(140,'13155851338','13155851338','hly666',NULL,'1600@163.com',NULL,'2021-03-01 00:00:00','/static/images/logo.png','2021-03-29 16:02:39','0',NULL,2,'2021-03-29 16:28:55',NULL,NULL),
(141,'19999999256','19999999256','19999999255',NULL,'19999999255@qq.com','1','2021-02-01 00:00:00','/images/logo.png','2021-03-29 16:30:06','0','199999992551999999925519999999255',2,'2021-04-02 12:18:43',NULL,NULL),
(142,'13366666666','13366666666','123456',NULL,'a@q.com',NULL,'2021-03-29 00:00:00','/static/images/logo.png','2021-03-29 17:19:29','0',NULL,1,'2021-03-29 17:19:50',NULL,NULL),
(143,'18135770094','18135770094','111',NULL,'2601041929@qq.com','2','2021-03-10 00:00:00','/static/images/logo.png','2021-03-29 22:17:33','0','',7,'2021-04-07 08:36:21',NULL,NULL),
(144,'13122222221','13122222221','13122222221',NULL,'13122222221@163.com',NULL,'2021-03-31 00:00:00','/static/images/logo.png','2021-03-31 09:39:35','0',NULL,6,'2021-04-07 16:43:00',NULL,NULL),
(145,'17712345678','17712345678','17712345678',NULL,'17712345678@163.com',NULL,'2021-03-31 00:00:00','/static/images/logo.png','2021-03-31 10:13:25','0',NULL,1,'2021-03-31 10:13:35',NULL,NULL),
(146,'13512345678','13512345678','123456',NULL,'13512345678@189.cn',NULL,'2021-03-31 00:00:00','/static/images/logo.png','2021-03-31 10:27:17','0',NULL,1,'2021-03-31 10:27:33',NULL,NULL),
(147,'13959532696','13959532696','csw123',NULL,'123122@qq.com',NULL,'2021-04-07 00:00:00','/static/images/logo.png','2021-04-01 22:48:01','0',NULL,1,'2021-04-01 22:48:22',NULL,NULL),
(148,'15365166563','15365166563','123',NULL,'2532560155@qq.com',NULL,'2021-04-15 00:00:00','/static/images/logo.png','2021-04-02 15:01:07','0','',1,'2021-04-02 15:01:07',NULL,NULL),
(149,'18339570571','18339570571','123456',NULL,'1274925976@qq.com',NULL,'2021-04-07 00:00:00','/static/images/logo.png','2021-04-02 17:27:40','0',NULL,3,'2021-04-08 10:30:42',NULL,NULL),
(150,'13311223344','13311223344','123456',NULL,'123456@qq.com',NULL,'2021-04-02 00:00:00','/static/images/logo.png','2021-04-02 18:59:58','0',NULL,1,'2021-04-02 19:00:09',NULL,NULL),
(151,'15086600557','15086600557','123456',NULL,'15086600557@163.com',NULL,'2021-04-02 00:00:00','/static/images/logo.png','2021-04-02 20:03:14','0',NULL,1,'2021-04-02 20:03:24',NULL,NULL),
(152,'18315097713','18315097713','123456',NULL,'1423218089@qq.com',NULL,'1996-04-03 00:00:00','/static/images/logo.png','2021-04-03 20:47:59','0',NULL,2,'2021-04-04 11:35:24',NULL,NULL),
(153,'17612005708','17612005708','cosong123',NULL,'cosong@163.com',NULL,'2021-04-07 00:00:00','/static/images/logo.png','2021-04-06 00:24:49','0',NULL,1,'2021-04-06 00:25:54',NULL,NULL),
(154,'15201473146','15201473146','123456',NULL,'admin@163.com',NULL,'2021-04-06 00:00:00','/static/images/logo.png','2021-04-06 09:34:12','0',NULL,2,'2021-04-13 14:48:59',NULL,NULL),
(155,'18588428085','18588428085','123456',NULL,'1294574670@qq.com',NULL,'1991-01-07 00:00:00','/static/images/logo.png','2021-04-06 10:20:13','0',NULL,2,'2021-04-07 14:03:54',NULL,NULL),
(156,'13228400178','13228400178','123456',NULL,'510836215@qq.com',NULL,'2021-04-15 00:00:00','/static/images/logo.png','2021-04-06 10:26:36','0',NULL,5,'2021-04-07 10:37:50',NULL,NULL),
(157,'13201027895','13201027895','222',NULL,'2','2','2021-04-07 00:00:00','/images/logo.png','2021-04-07 12:10:21','0','2',5,'2021-04-15 16:55:22',NULL,NULL),
(158,'18723778989','18723778989','clt43113521',NULL,'2332710244@qq.com',NULL,'2001-04-07 00:00:00','/static/images/logo.png','2021-04-07 18:55:01','0',NULL,1,'2021-04-07 18:55:21',NULL,NULL),
(159,'18600000000','18600000000','18600000000',NULL,'18600000000@q.com',NULL,'2021-04-07 00:00:00','/static/images/logo.png','2021-04-07 20:59:58','0',NULL,1,'2021-04-07 21:00:06',NULL,NULL),
(160,'13367730264','13367730264','123456',NULL,'13367730264@163.com','2','2021-04-08 00:00:00','/user/20210408074009.jpg','2021-04-08 07:24:05','0','',2,'2021-04-08 07:40:26',NULL,NULL),
(161,'18846427282','18846427282','123',NULL,'zfshcy@163.com',NULL,'2021-04-08 00:00:00','/static/images/logo.png','2021-04-08 20:57:04','0',NULL,1,'2021-04-08 20:57:17',NULL,NULL),
(162,'17633345333','17633345333','song',NULL,'939@qq.com',NULL,'2021-04-09 00:00:00','/user/20210409085801.png','2021-04-09 09:05:53','0','',2,'2021-04-09 09:07:18',NULL,NULL),
(163,'15877708086','15877708086','admin',NULL,'1300442346@qq.com',NULL,'2021-04-09 00:00:00','/static/images/logo.png','2021-04-09 12:20:46','0',NULL,1,'2021-04-09 12:21:01',NULL,NULL),
(164,'15812111417','15812111417','123456',NULL,'123@qq.com',NULL,'2021-04-09 00:00:00','/static/images/logo.png','2021-04-09 13:37:46','0',NULL,1,'2021-04-09 13:37:59',NULL,NULL),
(165,'17864123527','17864123527','888888',NULL,'1404354570@qq.com',NULL,'2021-04-09 00:00:00','/static/images/logo.png','2021-04-09 13:41:15','0',NULL,1,'2021-04-09 13:41:42',NULL,NULL),
(166,'18260369300','18260369300','123456',NULL,'1083942575@qq.com',NULL,'1995-01-19 00:00:00','/user/20210409134836.jpg','2021-04-09 13:48:41','0',NULL,1,'2021-04-09 13:48:53',NULL,NULL),
(167,'13222221111','13222221111','13222221111',NULL,'13222221111@qq.com',NULL,'2021-04-13 00:00:00','/static/images/logo.png','2021-04-12 16:19:27','0',NULL,2,'2021-04-13 13:44:08',NULL,NULL),
(168,'13221254478','13221254478','nasry2012',NULL,'254351232@qq.com',NULL,'1995-04-13 00:00:00','/static/images/logo.png','2021-04-13 14:36:02','0',NULL,1,'2021-04-13 14:36:33',NULL,NULL),
(169,'15888888888','15888888888','123456',NULL,'493658251@qq.com',NULL,'2021-04-06 00:00:00','/static/images/logo.png','2021-04-13 14:37:37','0',NULL,1,'2021-04-13 14:37:53',NULL,NULL),
(170,'18250842135','18250842135','123456',NULL,'18679136666@163.com',NULL,'2021-04-13 00:00:00','/static/images/logo.png','2021-04-13 14:37:44','0',NULL,1,'2021-04-13 14:38:21',NULL,NULL),
(171,'13093523120','13093523120','123456',NULL,'nicehear@163.com',NULL,'2021-04-13 00:00:00','/user/20210413143856.png','2021-04-13 14:39:06','0',NULL,1,'2021-04-13 14:39:21',NULL,NULL),
(172,'15718898819','15718898819','123456',NULL,'871737202@qq.com',NULL,'2021-04-13 00:00:00','/static/images/logo.png','2021-04-13 14:41:49','0',NULL,1,'2021-04-13 14:42:02',NULL,NULL),
(173,'13131313131','13131313131','13131313131',NULL,'1@1.com',NULL,'2021-04-13 00:00:00','/static/images/logo.png','2021-04-13 14:43:29','0',NULL,1,'2021-04-13 14:43:39',NULL,NULL),
(174,'11112211112','11112211112','123456',NULL,'35435344@11qq.com',NULL,'2021-04-14 00:00:00','/static/images/logo.png','2021-04-13 14:45:12','0',NULL,1,'2021-04-13 14:45:23',NULL,NULL),
(175,'12345678541','12345678541','1010',NULL,'1010@163.com',NULL,'2021-04-01 00:00:00','/static/images/logo.png','2021-04-13 14:48:02','0',NULL,1,'2021-04-13 14:48:29',NULL,NULL),
(176,'12345678999','12345678999','12345678900',NULL,'zxc123456789@qq.com',NULL,'2021-12-01 00:00:00','/user/20210413144930.png','2021-04-13 14:50:02','0',NULL,1,'2021-04-13 14:50:26',NULL,NULL),
(177,'13131313132','13131313132','asdasd',NULL,'','1',NULL,'/user/20210413145619.jsp','2021-04-13 14:56:32','0','',1,'2021-04-13 15:18:54',NULL,NULL),
(178,'18056998072','18056998072','gld8072',NULL,'1109714755@qq.com',NULL,'2021-04-13 00:00:00','/static/images/logo.png','2021-04-13 14:52:03','0',NULL,1,'2021-04-13 14:52:18',NULL,NULL),
(179,'15553726531','15553726531','admin',NULL,'854085467@qq.com',NULL,'2021-04-14 00:00:00','/static/images/logo.png','2021-04-13 15:10:31','0',NULL,1,'2021-04-13 15:10:48',NULL,NULL),
(180,'17784418675','17784418675','liu123456',NULL,'1725304219@qq.com',NULL,'2021-04-13 00:00:00','/static/images/logo.png','2021-04-13 16:31:01','0',NULL,1,'2021-04-13 16:31:13',NULL,NULL),
(181,'18003763878','18003763878','3756023',NULL,'su12002017@163.com',NULL,'2021-04-14 00:00:00','/static/images/logo.png','2021-04-14 08:29:58','0',NULL,3,'2021-04-14 22:15:30',NULL,NULL),
(182,'18175760277','18175760277','123456',NULL,'1211413075@qq.com',NULL,'2021-04-14 00:00:00','/static/images/logo.png','2021-04-14 09:37:04','0',NULL,1,'2021-04-14 09:37:18',NULL,NULL),
(183,'13236604627','13236604627','1314521zqr',NULL,'2275508376@qq.com','1','2001-04-07 00:00:00','/user/20210415164904.gif','2021-04-14 11:52:18','0','hello world',2,'2021-04-15 16:48:00',NULL,NULL),
(184,'15211730466','15211730466','123321',NULL,'122711769@qq.com',NULL,'2021-04-01 00:00:00','/static/images/logo.png','2021-04-14 14:00:04','0',NULL,1,'2021-04-14 14:00:20',NULL,NULL),
(185,'15243645120','15243645120','123456',NULL,'123@qq.com',NULL,'2021-04-14 00:00:00','/static/images/logo.png','2021-04-14 15:35:59','0',NULL,1,'2021-04-14 15:36:30',NULL,NULL),
(186,'15216698792','15216698792','1111',NULL,'1066176570@qq.com',NULL,'2021-04-15 00:00:00','/static/images/logo.png','2021-04-15 15:35:55','0',NULL,1,'2021-04-15 15:36:11',NULL,NULL),
(187,'15195405564','15195405564','1',NULL,'13750776117@169.com',NULL,'2021-04-15 00:00:00','/static/images/logo.png','2021-04-15 17:15:55','0','',3,'2021-04-19 11:19:49',NULL,NULL),
(188,'18897727312','18897727312','qq123321',NULL,'844808525@qq.com',NULL,'2021-04-16 00:00:00','/static/images/logo.png','2021-04-16 02:10:20','0',NULL,1,'2021-04-16 02:10:35',NULL,NULL),
(189,'13750776117','13750776117','1',NULL,'13750776117@169.com',NULL,'2021-04-16 00:00:00','/static/images/logo.png','2021-04-16 09:33:43','0',NULL,2,'2021-04-19 11:20:09',NULL,NULL),
(190,'17376761510','17376761510','123456',NULL,'1156288793@qq.com',NULL,'2021-03-31 00:00:00','/static/images/logo.png','2021-04-16 19:47:45','0',NULL,2,'2021-04-16 19:47:55',NULL,NULL),
(191,'13888888888','13888888888','123456',NULL,'13888888888@139.com',NULL,'2021-04-17 00:00:00','/static/images/logo.png','2021-04-17 22:35:46','0',NULL,2,'2021-06-12 19:34:31',NULL,NULL),
(192,'15926412345','15926412345','123456',NULL,'1234@126.com',NULL,'1990-04-18 00:00:00','/static/images/logo.png','2021-04-18 16:27:13','0',NULL,3,'2021-04-19 22:59:27',NULL,NULL),
(193,'17602071401','17602071401','123456',NULL,'feixiang8058@qq.com',NULL,'1991-12-12 00:00:00','/static/images/logo.png','2021-04-19 14:05:08','0',NULL,1,'2021-04-19 14:05:23',NULL,NULL),
(194,'16666666666','16666666666','16666666666',NULL,'18888888888@qq.com','1','2021-01-26 00:00:00','/user/20210419143619.png','2021-04-19 14:36:27','0','',2,'2021-04-26 12:10:17',NULL,NULL),
(195,'16666666667','16666666667','16666666667',NULL,'11111111112@qq.com',NULL,'2021-04-19 00:00:00','/static/images/logo.png','2021-04-19 14:37:09','0',NULL,1,'2021-04-19 14:37:15',NULL,NULL),
(196,'13552724112','13552724112','000000',NULL,'droid2017@126.com',NULL,'2021-04-08 00:00:00','/static/images/logo.png','2021-04-19 16:03:29','0',NULL,10,'2021-06-09 11:33:31',NULL,NULL),
(197,'15850752368','15850752368','jiangkaijie',NULL,'15850752368@163.com',NULL,'2021-04-20 00:00:00','/static/images/logo.png','2021-04-20 11:48:09','0',NULL,0,'2021-04-20 11:48:09',NULL,NULL),
(198,'16621065412','16621065412','123456',NULL,'swfzweb@163.com',NULL,'2021-04-11 00:00:00','/static/images/logo.png','2021-04-20 11:49:39','0',NULL,2,'2021-04-21 10:41:45',NULL,NULL),
(199,'12222211111','12222211111','12222211111',NULL,'12222211111@qq.com',NULL,'2021-04-21 00:00:00','/user/20210421110019.png','2021-04-21 11:00:51','0',NULL,3,'2021-04-23 10:09:03',NULL,NULL),
(200,'15678785043','15678785043','123456',NULL,'ssdate@163.com',NULL,'2021-04-14 00:00:00','/static/images/logo.png','2021-04-21 16:08:16','0',NULL,2,'2021-04-21 16:23:06',NULL,NULL),
(201,'15726887763','15726887763','123456',NULL,'173829522@qq.com',NULL,'2020-04-21 00:00:00','/static/images/logo.png','2021-04-21 20:43:02','0',NULL,1,'2021-04-21 20:43:15',NULL,NULL),
(202,'13333333555','13333333555','13333333555',NULL,'13333333555@qq.com',NULL,'2021-04-24 00:00:00','/user/20210422111338.png','2021-04-22 11:13:50','0',NULL,1,'2021-04-22 11:14:00',NULL,NULL),
(203,'15818125858','15818125858','123456',NULL,'547703241@qq.com',NULL,'2021-04-22 00:00:00','/user/20210422123744.jpg','2021-04-22 12:37:49','0',NULL,3,'2021-04-27 10:49:54',NULL,NULL),
(204,'19965389886','19965389886','123456',NULL,'3026302251@qq.com',NULL,'2021-04-22 00:00:00','/static/images/logo.png','2021-04-22 15:05:35','0',NULL,3,'2021-04-22 15:07:53',NULL,NULL),
(205,'18701357232','18701357232','125128',NULL,'ywtnhm@126.com',NULL,'2021-04-06 00:00:00','/static/images/logo.png','2021-04-24 22:48:30','0',NULL,2,'2021-04-25 10:05:11',NULL,NULL),
(206,'17601612492','17601612492','123456',NULL,'123@qq.com',NULL,'2021-04-06 00:00:00','/static/images/logo.png','2021-04-25 16:40:18','0',NULL,1,'2021-04-25 16:40:38',NULL,NULL),
(207,'13143032326','13143032326','alen123',NULL,'1355471316@qq.com',NULL,'2021-04-25 00:00:00','/static/images/logo.png','2021-04-25 21:11:02','0',NULL,2,'2021-04-26 08:12:55',NULL,NULL),
(208,'13222222222','13222222222','13222222222',NULL,'13222222222@163.com',NULL,'2021-04-26 00:00:00','/static/images/logo.png','2021-04-26 10:03:32','0',NULL,2,'2021-04-29 16:15:37',NULL,NULL),
(209,'17755793238','17755793238','17755793238',NULL,'1066637085@qq.com',NULL,'2021-04-14 00:00:00','/static/images/logo.png','2021-04-26 10:18:37','0',NULL,2,'2021-05-01 07:43:53',NULL,NULL),
(210,'12345678915','12345678915','123456',NULL,'1575@qq.com',NULL,'2021-04-26 00:00:00','/static/images/logo.png','2021-04-26 14:46:05','0',NULL,2,'2021-04-30 12:24:03',NULL,NULL),
(211,'18119606139','18119606139','319wan418',NULL,'2694980236@qq.com',NULL,'2021-04-07 00:00:00','/static/images/logo.png','2021-04-26 19:54:41','0',NULL,2,'2021-04-26 19:56:21',NULL,NULL),
(212,'14723232323','14723232323','14723232323',NULL,'14723232323@163.com',NULL,'2021-04-30 00:00:00','/static/images/logo.png','2021-04-30 18:15:47','0','',1,'2021-04-30 18:15:47',NULL,NULL),
(213,'13000000000','13000000000','123456',NULL,'1111@qq.com',NULL,'2021-05-03 00:00:00','/static/images/logo.png','2021-05-03 10:46:35','0',NULL,4,'2021-05-07 08:56:57',NULL,NULL),
(214,'13988723773','13988723773','21212',NULL,'1508575@qq.com',NULL,'2021-05-03 00:00:00','/static/images/logo.png','2021-05-03 21:53:47','0',NULL,0,'2021-05-03 21:53:47',NULL,NULL),
(215,'18898989898','18898989898','18898989898',NULL,'admin@126.com',NULL,'2021-05-04 00:00:00','/static/images/logo.png','2021-05-04 21:22:45','0','',2,'2021-05-06 08:10:52',NULL,NULL),
(216,'17711080169','17711080169','123',NULL,'1280483820@qq.com',NULL,'2021-04-29 00:00:00','/static/images/logo.png','2021-05-04 22:14:45','0',NULL,4,'2021-05-12 08:23:32',NULL,NULL),
(217,'18942551337','18942551337','a1234567',NULL,'53816565@qq.com',NULL,'2021-05-06 00:00:00','/static/images/logo.png','2021-05-06 09:02:22','0',NULL,1,'2021-05-06 09:02:38',NULL,NULL),
(218,'15556324568','15556324568','123',NULL,'2273182769@qq.com',NULL,'2021-05-06 00:00:00','/static/images/logo.png','2021-05-06 11:18:43','0',NULL,1,'2021-05-06 11:19:00',NULL,NULL),
(219,'18605146265','18605146265','123456',NULL,'zjm@hncj.edu.cn',NULL,'2021-05-01 00:00:00','/static/images/logo.png','2021-05-06 14:23:02','0',NULL,2,'2021-05-06 14:28:22',NULL,NULL),
(220,'15579750702','15579750702','123456',NULL,'15579750702@163.com',NULL,'2021-05-06 00:00:00','/static/images/logo.png','2021-05-06 16:16:32','0',NULL,1,'2021-05-06 16:16:43',NULL,NULL),
(221,'13000000002','13000000002','13000000000',NULL,'18888888888@qq.com',NULL,'2021-05-07 00:00:00','/static/images/logo.png','2021-05-07 09:15:06','0',NULL,2,'2021-05-07 09:52:10',NULL,NULL),
(222,'18625166919','18625166919','123456',NULL,'njg@163.com','1','2021-05-07 00:00:00','/user/20210507092438.png','2021-05-07 09:26:41','0','',4,'2021-05-08 13:36:20',NULL,NULL),
(223,'19999999252','19999999252','19999999252',NULL,'18888888888@qq.com',NULL,'2021-05-08 00:00:00','/static/images/logo.png','2021-05-08 08:33:16','0',NULL,7,'2021-05-21 16:21:00',NULL,NULL),
(224,'15650029132','15650029132','123456',NULL,'756479545@qq.com',NULL,'2021-05-08 00:00:00','/static/images/logo.png','2021-05-08 17:02:02','0','',2,'2021-05-10 09:59:58',NULL,NULL),
(225,'15765964641','15765964641','123456',NULL,'wzs15765964641@163.com','1','1999-11-27 00:00:00','/user/20210508203554.jpg','2021-05-08 20:35:57','0','',2,'2021-05-08 20:35:57',NULL,NULL),
(226,'13795482351','13795482351','xuexixuexi',NULL,'2624483615@qq.com',NULL,'2021-05-13 00:00:00','/user/20210508205906.jpg','2021-05-08 20:59:47','0',NULL,1,'2021-05-08 20:59:57',NULL,NULL),
(227,'18627540357','18627540357','123456',NULL,'1004064@qq.com',NULL,'2021-05-09 00:00:00','/static/images/logo.png','2021-05-09 13:08:26','0',NULL,2,'2021-05-17 08:13:15',NULL,NULL),
(228,'18783043294','18783043294','123456',NULL,'381565423@qq.com','1','2021-05-22 00:00:00','/user/20210510100317.jpg','2021-05-10 10:03:47','0','3216451\n',2,'2021-05-10 16:36:24',NULL,NULL),
(229,'15839086900','15839086900','123456',NULL,'8576289@qq.com',NULL,'2021-05-10 00:00:00','/static/images/logo.png','2021-05-10 16:15:26','0',NULL,1,'2021-05-10 16:15:43',NULL,NULL),
(230,'13265945477','13265945477','110206',NULL,'2913544707@qq.com',NULL,'2001-06-06 00:00:00','/static/images/logo.png','2021-05-10 16:21:33','0',NULL,1,'2021-05-10 16:21:46',NULL,NULL),
(231,'15716414802','15716414802','123456',NULL,'lanren2020@outlook.com',NULL,'2000-12-21 00:00:00','/static/images/logo.png','2021-05-11 08:55:20','0',NULL,3,'2021-05-21 16:08:15',NULL,NULL),
(232,'13324292833','13324292833','1234',NULL,'shshhsh@163.com',NULL,'2021-05-11 00:00:00','/static/images/logo.png','2021-05-11 14:31:04','0',NULL,0,'2021-05-11 14:31:04',NULL,NULL),
(233,'18875166487','18875166487','123456',NULL,'2450351424@qq.com',NULL,'2019-05-07 00:00:00','/static/images/logo.png','2021-05-11 22:47:26','0',NULL,4,'2021-05-12 16:17:53',NULL,NULL),
(234,'13681304350','13681304350','1666231105',NULL,'1666231105@qq.com',NULL,'2021-05-12 00:00:00','/user/20210512151524.jpg','2021-05-12 15:15:29','0',NULL,1,'2021-05-12 15:16:35',NULL,NULL),
(235,'13246864966','13246864966','13246864966',NULL,'13246864966@qq.com',NULL,'2021-05-13 00:00:00','/static/images/logo.png','2021-05-13 14:36:31','0',NULL,1,'2021-05-13 14:36:44',NULL,NULL),
(236,'18881480883','18881480883','123456',NULL,'qq@163.com',NULL,'2021-05-11 00:00:00','/user/20210514090151.jpeg','2021-05-14 09:01:53','0','',2,'2021-05-20 09:59:48',NULL,NULL),
(237,'19926512379','19926512379','533533',NULL,'484671483@qq.com',NULL,'1998-06-21 00:00:00','/static/images/logo.png','2021-05-14 19:13:51','0',NULL,1,'2021-05-14 19:14:13',NULL,NULL),
(238,'13960000011','13960000011','123456',NULL,'dfasd@126.com',NULL,'2021-05-05 00:00:00','/static/images/logo.png','2021-05-15 20:29:26','0',NULL,1,'2021-05-15 20:29:44',NULL,NULL),
(239,'18404300430','18404300430','a123456',NULL,'12345678@QQ.com',NULL,'2021-05-17 00:00:00','/static/images/logo.png','2021-05-16 03:43:48','0',NULL,6,'2021-05-16 19:55:30',NULL,NULL),
(240,'18404040404','18404040404','a123456',NULL,'12345678@QQ.com',NULL,'2021-05-16 00:00:00','/static/images/logo.png','2021-05-16 17:43:48','0',NULL,3,'2021-05-16 22:06:20',NULL,NULL),
(241,'19665392818','19665392818','19990416',NULL,'2917906690@qq.com',NULL,'2021-05-17 00:00:00','/static/images/logo.png','2021-05-17 11:37:02','0',NULL,1,'2021-05-26 14:56:28',NULL,NULL),
(242,'19965392818','19965392818','19990416',NULL,'917906690@qq.com',NULL,'2020-11-19 00:00:00','/static/images/logo.png','2021-05-17 11:38:23','0',NULL,2,'2021-05-18 09:31:22',NULL,NULL),
(243,'13170237972','13170237972','283232',NULL,'zhou2917906690@gmail.com',NULL,'2021-05-18 00:00:00','/static/images/logo.png','2021-05-18 15:29:08','0',NULL,1,'2021-05-18 15:30:48',NULL,NULL),
(244,'13526985874','13526985874','1008611',NULL,'236521458@qq.com',NULL,'2021-05-19 00:00:00','/static/images/logo.png','2021-05-19 11:33:11','0',NULL,1,'2021-05-19 11:33:23',NULL,NULL),
(245,'15151857919','15151857919','123456',NULL,'1320585553@qq.com',NULL,'2021-05-20 00:00:00','/static/images/logo.png','2021-05-20 02:57:08','0',NULL,2,'2021-05-20 09:28:59',NULL,NULL),
(246,'13120053910','13120053910','zcy123e...',NULL,'13120053910@163.com',NULL,'2021-05-20 00:00:00','/static/images/logo.png','2021-05-20 17:21:00','0',NULL,1,'2021-05-20 17:21:17',NULL,NULL),
(247,'18575618939','18575618939','window123',NULL,'18575618939@163.com',NULL,'2021-05-15 00:00:00','/static/images/logo.png','2021-05-20 17:51:31','0',NULL,2,'2021-05-21 08:55:16',NULL,NULL),
(248,'13196939999','13196939999','13196939999',NULL,'13196939999@yy.com',NULL,'2021-05-21 00:00:00','/static/images/logo.png','2021-05-21 11:29:00','0',NULL,1,'2021-05-21 11:29:15',NULL,NULL),
(249,'15163611502','15163611502','vrchary',NULL,'vrchary@163.com',NULL,'2021-05-24 00:00:00','/static/images/logo.png','2021-05-24 23:06:35','0',NULL,1,'2021-05-24 23:06:55',NULL,NULL),
(250,'17375973803','17375973803','88888888',NULL,'2931296620@qq.com',NULL,'2021-05-25 00:00:00','/static/images/logo.png','2021-05-25 21:00:05','0',NULL,5,'2021-05-26 13:17:41',NULL,NULL),
(251,'18874934626','18874934626','liaiping',NULL,'18874934626@163.com',NULL,'2021-05-26 00:00:00','/static/images/logo.png','2021-05-26 16:07:02','0',NULL,2,'2021-05-26 16:11:17',NULL,NULL),
(252,'15138742644','15138742644','123456',NULL,'15138742644@163.com',NULL,'2021-05-28 00:00:00','/static/images/logo.png','2021-05-28 19:28:41','0',NULL,1,'2021-05-28 19:28:52',NULL,NULL),
(253,'19994742646','19994742646','53305824',NULL,'53305824@qq.com',NULL,'2000-10-06 00:00:00','/user/20210531154244.jpg','2021-05-31 15:43:03','0',NULL,1,'2021-05-31 15:43:14',NULL,NULL),
(254,'18888888899','18888888899','18888888899',NULL,'18888888888@temp.temp',NULL,'2021-05-11 00:00:00','/static/images/logo.png','2021-05-31 17:15:50','0',NULL,4,'2021-06-01 11:04:45',NULL,NULL),
(255,'13197945211','13197945211','123456',NULL,'32441@qq.com',NULL,'2021-05-02 00:00:00','/static/images/logo.png','2021-05-31 20:15:55','0',NULL,1,'2021-05-31 20:16:05',NULL,NULL),
(256,'18855170697','18855170697','123456',NULL,'1729314421@qq.com',NULL,'2004-02-14 00:00:00','/static/images/logo.png','2021-06-01 08:49:42','0',NULL,1,'2021-06-01 08:49:56',NULL,NULL),
(257,'13277786951','13277786951','xiang123',NULL,'123456@qq.com',NULL,'2021-06-01 00:00:00','/static/images/logo.png','2021-06-01 11:24:01','0',NULL,1,'2021-06-01 11:24:17',NULL,NULL),
(258,'15071261801','15071261801','12',NULL,'zhouyudi1801@163.com',NULL,'2021-06-01 00:00:00','/static/images/logo.png','2021-06-02 14:49:17','0',NULL,1,'2021-06-02 14:49:35',NULL,NULL),
(259,'18862016380','18862016380','185510hq',NULL,'m18862016380@163.com',NULL,'1998-07-03 00:00:00','/static/images/logo.png','2021-06-02 15:14:56','0',NULL,0,'2021-06-02 15:14:56',NULL,NULL),
(260,'18321754893','18321754893','admin123',NULL,'1449693700@qq.com',NULL,'2021-06-02 00:00:00','/static/images/logo.png','2021-06-02 21:16:05','0',NULL,1,'2021-06-02 21:16:33',NULL,NULL),
(261,'13539415239','13539415239','123456',NULL,'13539415239@163.com',NULL,'2007-05-08 00:00:00','/static/images/logo.png','2021-06-04 10:25:17','0',NULL,1,'2021-06-04 10:25:32',NULL,NULL),
(262,'15090166163','15090166163','admin',NULL,'123@789.com',NULL,'2021-06-04 00:00:00','/static/images/logo.png','2021-06-04 15:22:12','0',NULL,2,'2021-06-04 15:34:25',NULL,NULL),
(263,'17381746209','17381746209','123456',NULL,'1206451071@qq.com',NULL,'2021-06-06 00:00:00','/static/images/logo.png','2021-06-07 22:44:45','0',NULL,4,'2021-06-09 08:14:09',NULL,NULL),
(264,'13899998888','13899998888','123456',NULL,'13899998888@qq.com',NULL,'2021-06-09 00:00:00','/static/images/logo.png','2021-06-09 14:37:25','0',NULL,1,'2021-06-09 14:37:39',NULL,NULL),
(265,'13800138000','13800138000','123456',NULL,'jianzhuang@163.com',NULL,'2021-06-09 00:00:00','/static/images/logo.png','2021-06-09 15:58:04','0',NULL,1,'2021-06-09 15:58:19',NULL,NULL),
(266,'18571499351','18571499351','123456',NULL,'sunkang@ctdcn.com',NULL,'2021-06-11 00:00:00','/static/images/logo.png','2021-06-11 15:21:15','0',NULL,1,'2021-06-11 15:21:27',NULL,NULL),
(267,'15920162748','15920162748','123456',NULL,'1126335349@qq.com',NULL,'2021-06-13 00:00:00','/static/images/logo.png','2021-06-13 00:58:30','0',NULL,1,'2021-06-13 00:58:55',NULL,NULL),
(268,'13422881901','13422881901','123456',NULL,'123@qq.com',NULL,'2021-06-06 00:00:00','/static/images/logo.png','2021-06-13 16:35:42','0',NULL,1,'2021-06-13 16:35:56',NULL,NULL),
(269,'17719295366','17719295366','123123',NULL,'1026367714@qq.com',NULL,'2021-06-16 00:00:00','/static/images/logo.png','2021-06-16 10:12:20','0',NULL,1,'2021-06-16 10:12:54',NULL,NULL),
(270,'18822149199','18822149199','1',NULL,'666666@qq.com',NULL,'2021-06-01 00:00:00','/static/images/logo.png','2021-06-16 10:54:53','0',NULL,1,'2021-06-16 10:55:05',NULL,NULL);

/*Table structure for table `sys_user_role` */

DROP TABLE IF EXISTS `sys_user_role`;

CREATE TABLE `sys_user_role` (
  `id` int(11) NOT NULL AUTO_INCREMENT,
  `user_id` int(11) NOT NULL,
  `role_id` int(11) NOT NULL,
  PRIMARY KEY (`id`)
) ENGINE=InnoDB AUTO_INCREMENT=392 DEFAULT CHARSET=utf8;

/*Data for the table `sys_user_role` */

insert  into `sys_user_role`(`id`,`user_id`,`role_id`) values 
(61,52,1),
(62,52,2),
(63,52,3),
(66,54,1),
(67,55,1),
(68,55,2),
(69,55,3),
(70,56,1),
(71,57,1),
(72,58,1),
(73,59,1),
(74,60,1),
(75,61,1),
(77,63,1),
(78,63,2),
(79,63,3),
(88,64,1),
(89,65,1),
(90,66,1),
(91,67,1),
(92,68,1),
(93,69,1),
(94,70,1),
(97,71,1),
(98,72,1),
(101,73,1),
(102,74,1),
(103,75,1),
(104,76,1),
(105,77,1),
(106,78,1),
(107,79,1),
(108,80,1),
(109,81,1),
(110,82,1),
(111,83,1),
(112,84,1),
(113,85,1),
(114,86,1),
(115,87,1),
(116,88,1),
(117,89,1),
(118,90,1),
(119,91,1),
(120,92,1),
(121,93,1),
(122,94,1),
(123,95,1),
(124,96,1),
(125,97,1),
(130,98,1),
(131,98,2),
(132,98,3),
(133,99,1),
(134,100,1),
(135,101,1),
(136,102,1),
(137,103,1),
(138,104,1),
(139,105,1),
(140,106,1),
(141,107,1),
(142,108,1),
(143,109,1),
(144,110,1),
(145,111,1),
(147,112,1),
(148,112,2),
(149,112,3),
(151,113,1),
(152,114,1),
(154,115,1),
(155,115,2),
(156,115,3),
(157,116,1),
(158,117,1),
(159,118,1),
(160,119,1),
(170,120,1),
(171,120,2),
(172,120,3),
(176,121,1),
(177,122,1),
(178,123,1),
(179,124,1),
(180,125,1),
(181,126,1),
(186,127,20),
(187,128,1),
(188,129,1),
(189,130,1),
(190,131,1),
(191,132,1),
(192,133,1),
(193,134,1),
(194,135,1),
(195,136,1),
(196,137,1),
(197,138,1),
(198,139,1),
(199,140,1),
(200,141,1),
(201,142,1),
(202,143,1),
(203,144,1),
(204,145,1),
(205,146,1),
(206,147,1),
(208,148,1),
(209,148,3),
(210,149,1),
(211,150,1),
(212,151,1),
(213,152,1),
(214,153,1),
(215,154,1),
(216,155,1),
(217,156,1)